pH,residue,avg_rmsf
6.5,32,0.17563
6.5,33,0.16018
6.5,34,0.10425999999999999
6.5,35,0.14312
6.5,36,0.099945
6.5,37,0.12584
6.5,38,0.11637
6.5,39,0.135665
6.5,40,0.11874499999999999
6.5,41,0.098065
6.5,42,0.12371499999999999
6.5,43,0.10659
6.5,44,0.137545
6.5,45,0.11609
6.5,46,0.14875500000000003
6.5,47,0.13183
6.5,48,0.0992
6.5,49,0.087895
6.5,50,0.108065
6.5,51,0.069045
6.5,52,0.07742
6.5,53,0.070895
6.5,54,0.106555
6.5,55,0.10662
6.5,56,0.140025
6.5,57,0.163195
6.5,58,0.201135
6.5,59,0.24641000000000002
6.5,60,0.170555
6.5,61,0.1833
6.5,62,0.171095
6.5,63,0.11601500000000001
6.5,64,0.124305
6.5,65,0.08591499999999999
6.5,66,0.09209500000000001
6.5,67,0.05502
6.5,68,0.102465
6.5,69,0.10346
6.5,70,0.14017
6.5,71,0.17246
6.5,72,0.197195
6.5,73,0.22793000000000002
6.5,74,0.197215
6.5,75,0.14519500000000002
6.5,76,0.12388999999999999
6.5,77,0.11165499999999999
6.5,78,0.08188
6.5,79,0.08327999999999999
6.5,80,0.132655
6.5,81,0.12076499999999998
6.5,82,0.14254
6.5,83,0.16936
6.5,84,0.10811
6.5,85,0.130255
6.5,86,0.11704999999999999
6.5,87,0.122445
6.5,88,0.09138500000000001
6.5,89,0.11581
6.5,90,0.12332499999999999
6.5,91,0.09837
6.5,92,0.086055
6.5,93,0.129745
6.5,94,0.09032
6.5,95,0.118775
6.5,96,0.110785
6.5,97,0.147865
6.5,98,0.073805
6.5,99,0.066845
6.5,100,0.070235
6.5,101,0.09617
6.5,102,0.07801
6.5,103,0.10503
6.5,104,0.12373
6.5,105,0.095125
6.5,106,0.109975
6.5,107,0.118395
6.5,108,0.15827
6.5,109,0.09147
6.5,110,0.10341499999999999
6.5,111,0.09740499999999999
6.5,112,0.12148
6.5,113,0.07366
6.5,114,0.11787
6.5,115,0.06604
6.5,116,0.11426499999999999
6.5,117,0.089695
6.5,118,0.11565
6.5,119,0.13782
6.5,120,0.144005
6.5,121,0.21128999999999998
6.5,122,0.18045
6.5,123,0.24184
6.5,124,0.20243000000000003
6.5,125,0.17287
6.5,126,0.125335
6.5,127,0.12687500000000002
6.5,128,0.12293000000000001
6.5,129,0.09570999999999999
6.5,130,0.10382499999999999
6.5,131,0.087095
6.5,132,0.13668
6.5,133,0.090815
6.5,134,0.109675
6.5,135,0.10345
6.5,136,0.134805
6.5,137,0.11613
6.5,138,0.15285500000000002
6.5,139,0.10052000000000001
6.5,140,0.12508
6.5,141,0.13512
6.5,142,0.09281500000000001
6.5,143,0.11435999999999999
6.5,144,0.086185
6.5,145,0.14058500000000002
6.5,146,0.08864999999999999
6.5,147,0.10022
6.5,148,0.160375
6.5,149,0.12807
6.5,150,0.12371499999999999
6.5,151,0.1414
6.5,152,0.14407
6.5,153,0.13838999999999999
6.5,154,0.169995
6.5,155,0.17217500000000002
6.5,156,0.10505500000000001
6.5,157,0.10976999999999999
6.5,158,0.08009
6.5,159,0.110985
6.5,160,0.081705
6.5,161,0.146835
6.5,162,0.10506
6.5,163,0.13091
6.5,164,0.14061
6.5,165,0.10813999999999999
6.5,166,0.130455
6.5,167,0.11681
6.5,168,0.142685
6.5,169,0.099505
6.5,170,0.1432
6.5,171,0.08523499999999999
6.5,172,0.07826999999999999
6.5,173,0.06376
6.5,174,0.08275
6.5,175,0.090035
6.5,176,0.1145
6.5,177,0.12317499999999999
6.5,178,0.10530500000000001
6.5,179,0.09839
6.5,180,0.10244500000000001
6.5,181,0.11354
6.5,182,0.16127
6.5,183,0.17668
6.5,184,0.15811
6.5,185,0.21725
6.5,186,0.20956999999999998
6.5,187,0.198095
6.5,188,0.208745
6.5,189,0.22335500000000003
6.5,190,0.147525
6.5,191,0.20476999999999998
6.5,192,0.193015
6.5,193,0.135775
6.5,194,0.145675
6.5,195,0.11388499999999999
6.5,196,0.153915
6.5,197,0.12299500000000001
6.5,198,0.14318999999999998
6.5,199,0.14778
6.5,200,0.19833
6.5,201,0.145045
6.5,202,0.10075
6.5,203,0.10881
6.5,204,0.079935
6.5,205,0.107565
6.5,206,0.09885
6.5,207,0.14204
6.5,208,0.125695
6.5,209,0.11154
6.5,210,0.150885
6.5,211,0.15828
6.5,212,0.15341
6.5,213,0.099655
6.5,214,0.107935
6.5,215,0.09638
6.5,216,0.123865
6.5,217,0.068465
6.5,218,0.08183
6.5,219,0.06283
6.5,220,0.07933
6.5,221,0.07959000000000001
6.5,222,0.089
6.5,223,0.0995
6.5,224,0.139125
6.5,225,0.118005
6.5,226,0.100725
6.5,227,0.09759999999999999
6.5,228,0.08676500000000001
6.5,229,0.11919500000000001
6.5,230,0.089865
6.5,231,0.14193
6.5,232,0.12405999999999999
6.5,233,0.099355
6.5,234,0.13777
6.5,235,0.10105
6.5,236,0.147295
6.5,237,0.12424500000000001
6.5,238,0.18595
7.0,32,0.15862
7.0,33,0.154085
7.0,34,0.10943499999999999
7.0,35,0.1532
7.0,36,0.09331500000000001
7.0,37,0.115375
7.0,38,0.11134999999999999
7.0,39,0.15742499999999998
7.0,40,0.11896999999999999
7.0,41,0.10100499999999998
7.0,42,0.127675
7.0,43,0.11576
7.0,44,0.15266
7.0,45,0.14481
7.0,46,0.176585
7.0,47,0.14887999999999998
7.0,48,0.10912
7.0,49,0.088295
7.0,50,0.11798
7.0,51,0.08146
7.0,52,0.08072
7.0,53,0.0775
7.0,54,0.109765
7.0,55,0.11165
7.0,56,0.141785
7.0,57,0.1782
7.0,58,0.159985
7.0,59,0.22443
7.0,60,0.17980000000000002
7.0,61,0.18907000000000002
7.0,62,0.1597
7.0,63,0.12704500000000002
7.0,64,0.11979999999999999
7.0,65,0.09208999999999999
7.0,66,0.090225
7.0,67,0.054365
7.0,68,0.08282500000000001
7.0,69,0.088255
7.0,70,0.12416
7.0,71,0.163575
7.0,72,0.21234000000000003
7.0,73,0.22728500000000001
7.0,74,0.18605
7.0,75,0.12175499999999999
7.0,76,0.10575999999999999
7.0,77,0.115215
7.0,78,0.06987
7.0,79,0.074555
7.0,80,0.12122
7.0,81,0.12077
7.0,82,0.13713999999999998
7.0,83,0.16245
7.0,84,0.092105
7.0,85,0.11323000000000001
7.0,86,0.110395
7.0,87,0.13804
7.0,88,0.09157499999999999
7.0,89,0.10568999999999999
7.0,90,0.11333
7.0,91,0.09741
7.0,92,0.079815
7.0,93,0.123865
7.0,94,0.0832
7.0,95,0.12193000000000001
7.0,96,0.11883999999999999
7.0,97,0.18282
7.0,98,0.08909500000000001
7.0,99,0.06837499999999999
7.0,100,0.06568500000000001
7.0,101,0.092035
7.0,102,0.07955
7.0,103,0.104855
7.0,104,0.139225
7.0,105,0.10625
7.0,106,0.116265
7.0,107,0.13478
7.0,108,0.14412
7.0,109,0.096565
7.0,110,0.10983499999999999
7.0,111,0.096985
7.0,112,0.118115
7.0,113,0.0701
7.0,114,0.094065
7.0,115,0.065105
7.0,116,0.09185499999999999
7.0,117,0.09827
7.0,118,0.11159
7.0,119,0.136125
7.0,120,0.152235
7.0,121,0.211675
7.0,122,0.174065
7.0,123,0.15009
7.0,124,0.179285
7.0,125,0.14079
7.0,126,0.13065
7.0,127,0.11349499999999998
7.0,128,0.121115
7.0,129,0.09136999999999999
7.0,130,0.100885
7.0,131,0.084275
7.0,132,0.133635
7.0,133,0.09714500000000001
7.0,134,0.119605
7.0,135,0.11679999999999999
7.0,136,0.15228999999999998
7.0,137,0.13074
7.0,138,0.14377500000000001
7.0,139,0.11003
7.0,140,0.13374999999999998
7.0,141,0.126275
7.0,142,0.09519
7.0,143,0.11344499999999999
7.0,144,0.08908
7.0,145,0.12776
7.0,146,0.081645
7.0,147,0.09396
7.0,148,0.1534
7.0,149,0.11814
7.0,150,0.11492
7.0,151,0.13162000000000001
7.0,152,0.13982
7.0,153,0.13222
7.0,154,0.16389499999999999
7.0,155,0.16908499999999999
7.0,156,0.0963
7.0,157,0.112515
7.0,158,0.0744
7.0,159,0.10330999999999999
7.0,160,0.08449
7.0,161,0.13769
7.0,162,0.112155
7.0,163,0.13796
7.0,164,0.1564
7.0,165,0.124925
7.0,166,0.14213499999999998
7.0,167,0.13127
7.0,168,0.175915
7.0,169,0.10969999999999999
7.0,170,0.131725
7.0,171,0.089205
7.0,172,0.072325
7.0,173,0.059419999999999994
7.0,174,0.07335
7.0,175,0.089185
7.0,176,0.117175
7.0,177,0.10904499999999999
7.0,178,0.10153000000000001
7.0,179,0.093225
7.0,180,0.094675
7.0,181,0.107365
7.0,182,0.14121999999999998
7.0,183,0.180205
7.0,184,0.20160999999999998
7.0,185,0.25047
7.0,186,0.20798999999999998
7.0,187,0.18646000000000001
7.0,188,0.211215
7.0,189,0.235255
7.0,190,0.13626
7.0,191,0.23480499999999999
7.0,192,0.192265
7.0,193,0.130265
7.0,194,0.12672
7.0,195,0.100695
7.0,196,0.15015499999999998
7.0,197,0.11105000000000001
7.0,198,0.120215
7.0,199,0.1117
7.0,200,0.166005
7.0,201,0.11657500000000001
7.0,202,0.087235
7.0,203,0.099765
7.0,204,0.075875
7.0,205,0.09655
7.0,206,0.08848
7.0,207,0.14010499999999998
7.0,208,0.122855
7.0,209,0.10769
7.0,210,0.14282999999999998
7.0,211,0.172025
7.0,212,0.147455
7.0,213,0.097455
7.0,214,0.10636000000000001
7.0,215,0.09152
7.0,216,0.13638
7.0,217,0.06286
7.0,218,0.067885
7.0,219,0.062485
7.0,220,0.07977999999999999
7.0,221,0.082625
7.0,222,0.09281500000000001
7.0,223,0.105235
7.0,224,0.14364000000000002
7.0,225,0.12378499999999999
7.0,226,0.105295
7.0,227,0.096135
7.0,228,0.08856
7.0,229,0.120095
7.0,230,0.08092
7.0,231,0.146075
7.0,232,0.12593000000000001
7.0,233,0.09455
7.0,234,0.14177
7.0,235,0.09915500000000001
7.0,236,0.142215
7.0,237,0.119215
7.0,238,0.17577500000000001
7.5,32,0.1629
7.5,33,0.161525
7.5,34,0.1172
7.5,35,0.165585
7.5,36,0.11292500000000001
7.5,37,0.145785
7.5,38,0.124225
7.5,39,0.14858
7.5,40,0.124125
7.5,41,0.10299
7.5,42,0.13148500000000002
7.5,43,0.12423999999999999
7.5,44,0.166735
7.5,45,0.151495
7.5,46,0.185585
7.5,47,0.16161
7.5,48,0.11848
7.5,49,0.09346499999999999
7.5,50,0.11792
7.5,51,0.0786
7.5,52,0.09008000000000001
7.5,53,0.082565
7.5,54,0.12149000000000001
7.5,55,0.12253
7.5,56,0.15463
7.5,57,0.18024
7.5,58,0.16979
7.5,59,0.23979
7.5,60,0.18376
7.5,61,0.19602999999999998
7.5,62,0.17825
7.5,63,0.134275
7.5,64,0.12543500000000002
7.5,65,0.101675
7.5,66,0.094615
7.5,67,0.05356999999999999
7.5,68,0.09933
7.5,69,0.09446
7.5,70,0.128025
7.5,71,0.16556500000000002
7.5,72,0.185355
7.5,73,0.21547999999999998
7.5,74,0.19176500000000002
7.5,75,0.134345
7.5,76,0.11447
7.5,77,0.11919500000000001
7.5,78,0.073375
7.5,79,0.07775499999999999
7.5,80,0.12249000000000002
7.5,81,0.14404999999999998
7.5,82,0.145945
7.5,83,0.170055
7.5,84,0.10004500000000001
7.5,85,0.12598499999999999
7.5,86,0.113845
7.5,87,0.12018999999999999
7.5,88,0.09192
7.5,89,0.113075
7.5,90,0.121865
7.5,91,0.10594999999999999
7.5,92,0.09076999999999999
7.5,93,0.138865
7.5,94,0.091655
7.5,95,0.125685
7.5,96,0.119215
7.5,97,0.16244
7.5,98,0.08536
7.5,99,0.073755
7.5,100,0.07152499999999999
7.5,101,0.099985
7.5,102,0.08951
7.5,103,0.12013499999999999
7.5,104,0.141175
7.5,105,0.112025
7.5,106,0.116595
7.5,107,0.14479
7.5,108,0.147785
7.5,109,0.09751499999999999
7.5,110,0.11132500000000001
7.5,111,0.09799
7.5,112,0.11837500000000001
7.5,113,0.07203000000000001
7.5,114,0.106595
7.5,115,0.06888
7.5,116,0.100065
7.5,117,0.10493
7.5,118,0.126105
7.5,119,0.147845
7.5,120,0.182
7.5,121,0.23146499999999998
7.5,122,0.21259
7.5,123,0.224505
7.5,124,0.18347
7.5,125,0.14958500000000002
7.5,126,0.14777
7.5,127,0.12319500000000001
7.5,128,0.134285
7.5,129,0.10269500000000001
7.5,130,0.10919000000000001
7.5,131,0.08932
7.5,132,0.137105
7.5,133,0.097595
7.5,134,0.12357499999999999
7.5,135,0.12145500000000001
7.5,136,0.15443
7.5,137,0.137945
7.5,138,0.16391
7.5,139,0.11806000000000001
7.5,140,0.14168
7.5,141,0.13750500000000002
7.5,142,0.101925
7.5,143,0.120125
7.5,144,0.094025
7.5,145,0.15176499999999998
7.5,146,0.09507
7.5,147,0.11910499999999999
7.5,148,0.20326
7.5,149,0.16273500000000002
7.5,150,0.142855
7.5,151,0.173775
7.5,152,0.17781
7.5,153,0.17023
7.5,154,0.201145
7.5,155,0.19732
7.5,156,0.11592500000000001
7.5,157,0.12019500000000001
7.5,158,0.0803
7.5,159,0.11473
7.5,160,0.08918000000000001
7.5,161,0.136555
7.5,162,0.11382
7.5,163,0.14582
7.5,164,0.1614
7.5,165,0.12816
7.5,166,0.15006
7.5,167,0.14626999999999998
7.5,168,0.186255
7.5,169,0.12075499999999999
7.5,170,0.147745
7.5,171,0.097835
7.5,172,0.08438
7.5,173,0.06547
7.5,174,0.088
7.5,175,0.095
7.5,176,0.1271
7.5,177,0.13828000000000001
7.5,178,0.11040000000000001
7.5,179,0.10671
7.5,180,0.10164999999999999
7.5,181,0.124135
7.5,182,0.16849
7.5,183,0.200505
7.5,184,0.17807
7.5,185,0.23110499999999998
7.5,186,0.19660499999999997
7.5,187,0.169465
7.5,188,0.1878
7.5,189,0.16741
7.5,190,0.130965
7.5,191,0.21989999999999998
7.5,192,0.17910500000000001
7.5,193,0.13002
7.5,194,0.13892
7.5,195,0.117215
7.5,196,0.15463
7.5,197,0.13232
7.5,198,0.14786
7.5,199,0.153555
7.5,200,0.19109
7.5,201,0.149835
7.5,202,0.107775
7.5,203,0.11233
7.5,204,0.082675
7.5,205,0.118295
7.5,206,0.10731500000000001
7.5,207,0.16819
7.5,208,0.14929
7.5,209,0.134455
7.5,210,0.168465
7.5,211,0.18012
7.5,212,0.15002
7.5,213,0.102905
7.5,214,0.11846000000000001
7.5,215,0.10201
7.5,216,0.136675
7.5,217,0.069435
7.5,218,0.08762
7.5,219,0.07071
7.5,220,0.0943
7.5,221,0.09312000000000001
7.5,222,0.11396999999999999
7.5,223,0.12857000000000002
7.5,224,0.1743
7.5,225,0.14832499999999998
7.5,226,0.13006
7.5,227,0.12013
7.5,228,0.10403500000000002
7.5,229,0.13365500000000002
7.5,230,0.09486
7.5,231,0.149395
7.5,232,0.133855
7.5,233,0.10300000000000001
7.5,234,0.155555
7.5,235,0.11392
7.5,236,0.16847
7.5,237,0.146875
7.5,238,0.215135
8.0,32,0.166805
8.0,33,0.157195
8.0,34,0.12076
8.0,35,0.15903
8.0,36,0.104635
8.0,37,0.12473000000000001
8.0,38,0.12132000000000001
8.0,39,0.14296
8.0,40,0.126225
8.0,41,0.102925
8.0,42,0.13156
8.0,43,0.12186999999999999
8.0,44,0.15181
8.0,45,0.14889000000000002
8.0,46,0.17262
8.0,47,0.15399000000000002
8.0,48,0.11139999999999999
8.0,49,0.09336
8.0,50,0.11087499999999999
8.0,51,0.082835
8.0,52,0.082145
8.0,53,0.07625
8.0,54,0.11174500000000001
8.0,55,0.11095
8.0,56,0.14233500000000002
8.0,57,0.165365
8.0,58,0.15252
8.0,59,0.21555
8.0,60,0.165325
8.0,61,0.17626999999999998
8.0,62,0.15051
8.0,63,0.12377
8.0,64,0.126675
8.0,65,0.086245
8.0,66,0.096545
8.0,67,0.053755
8.0,68,0.09079000000000001
8.0,69,0.09424
8.0,70,0.11618999999999999
8.0,71,0.17027
8.0,72,0.20001000000000002
8.0,73,0.22550499999999998
8.0,74,0.18548499999999998
8.0,75,0.13093
8.0,76,0.11607
8.0,77,0.124745
8.0,78,0.073905
8.0,79,0.07769000000000001
8.0,80,0.129155
8.0,81,0.13013999999999998
8.0,82,0.14012
8.0,83,0.16942
8.0,84,0.10286999999999999
8.0,85,0.12
8.0,86,0.121345
8.0,87,0.13192500000000001
8.0,88,0.099115
8.0,89,0.11491
8.0,90,0.12331
8.0,91,0.102965
8.0,92,0.085355
8.0,93,0.12197
8.0,94,0.08815500000000001
8.0,95,0.11402000000000001
8.0,96,0.10933
8.0,97,0.14289000000000002
8.0,98,0.07989
8.0,99,0.06955
8.0,100,0.06759499999999999
8.0,101,0.09517
8.0,102,0.08325
8.0,103,0.11143
8.0,104,0.134105
8.0,105,0.108855
8.0,106,0.11921999999999999
8.0,107,0.13641
8.0,108,0.14284
8.0,109,0.09534000000000001
8.0,110,0.10708
8.0,111,0.094085
8.0,112,0.11099
8.0,113,0.0701
8.0,114,0.095335
8.0,115,0.06849999999999999
8.0,116,0.10103500000000001
8.0,117,0.104105
8.0,118,0.124655
8.0,119,0.14350000000000002
8.0,120,0.16868
8.0,121,0.217415
8.0,122,0.19614499999999999
8.0,123,0.1695
8.0,124,0.20495999999999998
8.0,125,0.173195
8.0,126,0.143
8.0,127,0.12826500000000002
8.0,128,0.126365
8.0,129,0.09527
8.0,130,0.10098499999999999
8.0,131,0.08359
8.0,132,0.12721
8.0,133,0.094615
8.0,134,0.12362999999999999
8.0,135,0.12137
8.0,136,0.14955000000000002
8.0,137,0.13666499999999998
8.0,138,0.15060500000000002
8.0,139,0.11571000000000001
8.0,140,0.13965
8.0,141,0.132945
8.0,142,0.09928000000000001
8.0,143,0.118475
8.0,144,0.09119000000000001
8.0,145,0.13757999999999998
8.0,146,0.0857
8.0,147,0.09894
8.0,148,0.15567
8.0,149,0.129515
8.0,150,0.12311000000000001
8.0,151,0.144005
8.0,152,0.149975
8.0,153,0.142345
8.0,154,0.165755
8.0,155,0.16064499999999998
8.0,156,0.099525
8.0,157,0.107145
8.0,158,0.07524
8.0,159,0.110645
8.0,160,0.08506
8.0,161,0.14798
8.0,162,0.12142
8.0,163,0.164615
8.0,164,0.16248
8.0,165,0.13224
8.0,166,0.16968
8.0,167,0.142645
8.0,168,0.2
8.0,169,0.12079
8.0,170,0.15456
8.0,171,0.095045
8.0,172,0.079925
8.0,173,0.05935
8.0,174,0.07954
8.0,175,0.091765
8.0,176,0.12253499999999999
8.0,177,0.126585
8.0,178,0.103755
8.0,179,0.099065
8.0,180,0.09459
8.0,181,0.11909
8.0,182,0.15672
8.0,183,0.19995000000000002
8.0,184,0.175505
8.0,185,0.245535
8.0,186,0.199085
8.0,187,0.165375
8.0,188,0.19187
8.0,189,0.22622
8.0,190,0.135945
8.0,191,0.21675499999999998
8.0,192,0.18721000000000002
8.0,193,0.13215000000000002
8.0,194,0.133435
8.0,195,0.108815
8.0,196,0.15939
8.0,197,0.11732499999999998
8.0,198,0.13549
8.0,199,0.13644499999999998
8.0,200,0.18756
8.0,201,0.13598000000000002
8.0,202,0.09395
8.0,203,0.10117499999999999
8.0,204,0.07799
8.0,205,0.10660499999999999
8.0,206,0.0978
8.0,207,0.14301
8.0,208,0.13257000000000002
8.0,209,0.11766000000000001
8.0,210,0.15027
8.0,211,0.166675
8.0,212,0.16232
8.0,213,0.10499499999999999
8.0,214,0.11402000000000001
8.0,215,0.098775
8.0,216,0.13853500000000002
8.0,217,0.070185
8.0,218,0.07958
8.0,219,0.06426
8.0,220,0.08367
8.0,221,0.089185
8.0,222,0.10399
8.0,223,0.11992
8.0,224,0.16895500000000002
8.0,225,0.13734
8.0,226,0.1172
8.0,227,0.10943
8.0,228,0.09426
8.0,229,0.12993
8.0,230,0.088815
8.0,231,0.15324500000000002
8.0,232,0.13713
8.0,233,0.10307999999999999
8.0,234,0.146755
8.0,235,0.10575000000000001
8.0,236,0.15705
8.0,237,0.12859500000000001
8.0,238,0.18294
8.5,32,0.134695
8.5,33,0.126225
8.5,34,0.09289499999999999
8.5,35,0.13408
8.5,36,0.094265
8.5,37,0.117785
8.5,38,0.109605
8.5,39,0.13662000000000002
8.5,40,0.11833
8.5,41,0.097915
8.5,42,0.12683
8.5,43,0.117655
8.5,44,0.152385
8.5,45,0.131865
8.5,46,0.154915
8.5,47,0.14165
8.5,48,0.10575000000000001
8.5,49,0.096445
8.5,50,0.10935999999999998
8.5,51,0.077815
8.5,52,0.085115
8.5,53,0.081075
8.5,54,0.10623
8.5,55,0.106545
8.5,56,0.12387
8.5,57,0.15377000000000002
8.5,58,0.14915499999999998
8.5,59,0.215945
8.5,60,0.173895
8.5,61,0.17712
8.5,62,0.16073500000000002
8.5,63,0.12345999999999999
8.5,64,0.119655
8.5,65,0.100905
8.5,66,0.09192
8.5,67,0.05700000000000001
8.5,68,0.08921
8.5,69,0.08453000000000001
8.5,70,0.11474999999999999
8.5,71,0.156695
8.5,72,0.171035
8.5,73,0.20463
8.5,74,0.17709
8.5,75,0.12057999999999999
8.5,76,0.10295000000000001
8.5,77,0.110455
8.5,78,0.06981000000000001
8.5,79,0.07298
8.5,80,0.11879500000000001
8.5,81,0.137985
8.5,82,0.14369
8.5,83,0.16251500000000002
8.5,84,0.08916500000000001
8.5,85,0.11349499999999998
8.5,86,0.096665
8.5,87,0.10704
8.5,88,0.08377
8.5,89,0.09798
8.5,90,0.10708
8.5,91,0.092245
8.5,92,0.07642
8.5,93,0.12476499999999999
8.5,94,0.086575
8.5,95,0.130585
8.5,96,0.10439499999999999
8.5,97,0.125665
8.5,98,0.09424
8.5,99,0.07442499999999999
8.5,100,0.067445
8.5,101,0.09643
8.5,102,0.08052000000000001
8.5,103,0.10674999999999998
8.5,104,0.12785
8.5,105,0.10103500000000001
8.5,106,0.10878000000000002
8.5,107,0.12134
8.5,108,0.127335
8.5,109,0.08812
8.5,110,0.102545
8.5,111,0.09097999999999999
8.5,112,0.100235
8.5,113,0.06694
8.5,114,0.097345
8.5,115,0.06375499999999999
8.5,116,0.09935000000000001
8.5,117,0.09262000000000001
8.5,118,0.12077500000000001
8.5,119,0.14221999999999999
8.5,120,0.172405
8.5,121,0.224825
8.5,122,0.19580999999999998
8.5,123,0.26064
8.5,124,0.198075
8.5,125,0.158225
8.5,126,0.12158
8.5,127,0.10110999999999999
8.5,128,0.11701500000000001
8.5,129,0.091275
8.5,130,0.09458
8.5,131,0.082425
8.5,132,0.119955
8.5,133,0.09088500000000001
8.5,134,0.116645
8.5,135,0.113455
8.5,136,0.144825
8.5,137,0.128915
8.5,138,0.1416
8.5,139,0.10827
8.5,140,0.133825
8.5,141,0.13108
8.5,142,0.09182
8.5,143,0.113465
8.5,144,0.08209999999999999
8.5,145,0.14512
8.5,146,0.07905
8.5,147,0.09165
8.5,148,0.14345
8.5,149,0.11501999999999998
8.5,150,0.11259
8.5,151,0.12829
8.5,152,0.14003000000000002
8.5,153,0.13259
8.5,154,0.16540000000000002
8.5,155,0.16223
8.5,156,0.094985
8.5,157,0.10122499999999998
8.5,158,0.07810500000000001
8.5,159,0.104925
8.5,160,0.08365
8.5,161,0.15059499999999998
8.5,162,0.113235
8.5,163,0.14823
8.5,164,0.146925
8.5,165,0.12174499999999999
8.5,166,0.15301499999999998
8.5,167,0.132935
8.5,168,0.18126
8.5,169,0.112205
8.5,170,0.124135
8.5,171,0.088725
8.5,172,0.070675
8.5,173,0.05843
8.5,174,0.076305
8.5,175,0.08908
8.5,176,0.10995999999999999
8.5,177,0.111555
8.5,178,0.098875
8.5,179,0.09349
8.5,180,0.08821
8.5,181,0.105885
8.5,182,0.136405
8.5,183,0.16409
8.5,184,0.132565
8.5,185,0.195875
8.5,186,0.183145
8.5,187,0.154365
8.5,188,0.18291
8.5,189,0.18008
8.5,190,0.12653
8.5,191,0.19313
8.5,192,0.192965
8.5,193,0.137855
8.5,194,0.13192500000000001
8.5,195,0.09882500000000001
8.5,196,0.142655
8.5,197,0.106975
8.5,198,0.12169
8.5,199,0.11181
8.5,200,0.16641
8.5,201,0.12
8.5,202,0.08554500000000001
8.5,203,0.09756000000000001
8.5,204,0.07609
8.5,205,0.097055
8.5,206,0.09353
8.5,207,0.13068
8.5,208,0.123335
8.5,209,0.11262000000000001
8.5,210,0.151605
8.5,211,0.15818000000000002
8.5,212,0.147225
8.5,213,0.099285
8.5,214,0.10299
8.5,215,0.08924499999999999
8.5,216,0.1182
8.5,217,0.062435
8.5,218,0.073225
8.5,219,0.06169
8.5,220,0.07328
8.5,221,0.08091000000000001
8.5,222,0.09054
8.5,223,0.106675
8.5,224,0.14719
8.5,225,0.123865
8.5,226,0.10347500000000001
8.5,227,0.095175
8.5,228,0.08558
8.5,229,0.12283
8.5,230,0.08138
8.5,231,0.13736500000000001
8.5,232,0.11421999999999999
8.5,233,0.088555
8.5,234,0.13016
8.5,235,0.10346999999999999
8.5,236,0.13608
8.5,237,0.118085
8.5,238,0.16784000000000002
9.0,32,0.146895
9.0,33,0.14188499999999998
9.0,34,0.10639000000000001
9.0,35,0.14830000000000002
9.0,36,0.09494
9.0,37,0.11821999999999999
9.0,38,0.10619
9.0,39,0.12563
9.0,40,0.11676500000000001
9.0,41,0.09627
9.0,42,0.11976
9.0,43,0.111385
9.0,44,0.14671499999999998
9.0,45,0.132905
9.0,46,0.14512
9.0,47,0.14692
9.0,48,0.10714000000000001
9.0,49,0.08902499999999999
9.0,50,0.11219000000000001
9.0,51,0.07516
9.0,52,0.080015
9.0,53,0.080785
9.0,54,0.110115
9.0,55,0.10376
9.0,56,0.12582
9.0,57,0.15672999999999998
9.0,58,0.14396499999999998
9.0,59,0.210575
9.0,60,0.161395
9.0,61,0.174975
9.0,62,0.16339
9.0,63,0.1244
9.0,64,0.114165
9.0,65,0.10042500000000001
9.0,66,0.0869
9.0,67,0.05399
9.0,68,0.08595
9.0,69,0.089325
9.0,70,0.123775
9.0,71,0.172895
9.0,72,0.188275
9.0,73,0.211475
9.0,74,0.168985
9.0,75,0.12031499999999999
9.0,76,0.10403500000000002
9.0,77,0.12775
9.0,78,0.07159499999999999
9.0,79,0.084665
9.0,80,0.118825
9.0,81,0.133855
9.0,82,0.13383499999999998
9.0,83,0.164165
9.0,84,0.09986500000000001
9.0,85,0.11534
9.0,86,0.10813999999999999
9.0,87,0.129055
9.0,88,0.09239
9.0,89,0.10700000000000001
9.0,90,0.11557999999999999
9.0,91,0.09663000000000001
9.0,92,0.081395
9.0,93,0.11956
9.0,94,0.09059500000000001
9.0,95,0.114395
9.0,96,0.111465
9.0,97,0.163355
9.0,98,0.08484
9.0,99,0.070775
9.0,100,0.067245
9.0,101,0.093125
9.0,102,0.08003
9.0,103,0.10080499999999999
9.0,104,0.12031499999999999
9.0,105,0.10112499999999999
9.0,106,0.105545
9.0,107,0.12298500000000001
9.0,108,0.125425
9.0,109,0.08908
9.0,110,0.10303
9.0,111,0.08977
9.0,112,0.105545
9.0,113,0.067325
9.0,114,0.10112499999999999
9.0,115,0.06626
9.0,116,0.09460500000000001
9.0,117,0.096565
9.0,118,0.11432
9.0,119,0.13521
9.0,120,0.15450999999999998
9.0,121,0.216865
9.0,122,0.17888500000000002
9.0,123,0.243235
9.0,124,0.18196
9.0,125,0.138515
9.0,126,0.13247
9.0,127,0.10788500000000001
9.0,128,0.12204999999999999
9.0,129,0.092875
9.0,130,0.09986500000000001
9.0,131,0.081185
9.0,132,0.124335
9.0,133,0.092535
9.0,134,0.11343
9.0,135,0.10890999999999999
9.0,136,0.14052
9.0,137,0.12357499999999999
9.0,138,0.14475500000000002
9.0,139,0.10776000000000001
9.0,140,0.134195
9.0,141,0.128975
9.0,142,0.09483
9.0,143,0.12034
9.0,144,0.093645
9.0,145,0.13467
9.0,146,0.0829
9.0,147,0.09835
9.0,148,0.158195
9.0,149,0.121915
9.0,150,0.118265
9.0,151,0.134945
9.0,152,0.139555
9.0,153,0.133145
9.0,154,0.164015
9.0,155,0.16033999999999998
9.0,156,0.09806000000000001
9.0,157,0.10919000000000001
9.0,158,0.07426
9.0,159,0.100945
9.0,160,0.084825
9.0,161,0.144925
9.0,162,0.110205
9.0,163,0.14133
9.0,164,0.146235
9.0,165,0.11725000000000001
9.0,166,0.13374999999999998
9.0,167,0.12418
9.0,168,0.162885
9.0,169,0.10590999999999999
9.0,170,0.13103499999999998
9.0,171,0.08565500000000001
9.0,172,0.07583
9.0,173,0.061565
9.0,174,0.07521
9.0,175,0.08211500000000001
9.0,176,0.10970500000000001
9.0,177,0.11676
9.0,178,0.10243
9.0,179,0.09474
9.0,180,0.090185
9.0,181,0.10521
9.0,182,0.135625
9.0,183,0.17114000000000001
9.0,184,0.166285
9.0,185,0.23166000000000003
9.0,186,0.18619
9.0,187,0.167955
9.0,188,0.20126499999999997
9.0,189,0.235365
9.0,190,0.14274499999999998
9.0,191,0.222175
9.0,192,0.19014999999999999
9.0,193,0.12349000000000002
9.0,194,0.12166999999999999
9.0,195,0.09633
9.0,196,0.133145
9.0,197,0.106515
9.0,198,0.123055
9.0,199,0.11974499999999999
9.0,200,0.161575
9.0,201,0.128555
9.0,202,0.09085499999999999
9.0,203,0.10013000000000001
9.0,204,0.077725
9.0,205,0.0994
9.0,206,0.0866
9.0,207,0.13752999999999999
9.0,208,0.122135
9.0,209,0.107725
9.0,210,0.14462999999999998
9.0,211,0.154385
9.0,212,0.150085
9.0,213,0.09403500000000001
9.0,214,0.10223
9.0,215,0.09218
9.0,216,0.126985
9.0,217,0.06306500000000001
9.0,218,0.07823
9.0,219,0.06533
9.0,220,0.079855
9.0,221,0.080955
9.0,222,0.090515
9.0,223,0.10286
9.0,224,0.14554499999999998
9.0,225,0.123465
9.0,226,0.10586499999999999
9.0,227,0.10022
9.0,228,0.087795
9.0,229,0.13359000000000001
9.0,230,0.08353000000000001
9.0,231,0.14818499999999998
9.0,232,0.12588
9.0,233,0.09802999999999999
9.0,234,0.13856
9.0,235,0.10325
9.0,236,0.14349
9.0,237,0.11602000000000001
9.0,238,0.17111
9.5,32,0.14785500000000001
9.5,33,0.14177
9.5,34,0.110795
9.5,35,0.14837
9.5,36,0.09863999999999999
9.5,37,0.12691
9.5,38,0.11008499999999999
9.5,39,0.136295
9.5,40,0.11148499999999999
9.5,41,0.09073
9.5,42,0.117215
9.5,43,0.10339499999999999
9.5,44,0.13528500000000002
9.5,45,0.11979999999999999
9.5,46,0.152265
9.5,47,0.13901999999999998
9.5,48,0.10079
9.5,49,0.084955
9.5,50,0.11143
9.5,51,0.06985
9.5,52,0.07985
9.5,53,0.07528
9.5,54,0.10831500000000001
9.5,55,0.10858000000000001
9.5,56,0.129245
9.5,57,0.162745
9.5,58,0.155715
9.5,59,0.226005
9.5,60,0.176145
9.5,61,0.18713
9.5,62,0.175265
9.5,63,0.13328500000000001
9.5,64,0.121485
9.5,65,0.09188
9.5,66,0.092875
9.5,67,0.05776
9.5,68,0.096415
9.5,69,0.09156500000000001
9.5,70,0.12054499999999999
9.5,71,0.15948
9.5,72,0.18738
9.5,73,0.203145
9.5,74,0.19027
9.5,75,0.13385
9.5,76,0.11396999999999999
9.5,77,0.113435
9.5,78,0.07259
9.5,79,0.078325
9.5,80,0.12447
9.5,81,0.1417
9.5,82,0.14146
9.5,83,0.157435
9.5,84,0.08917
9.5,85,0.12044999999999999
9.5,86,0.09874999999999999
9.5,87,0.10758000000000001
9.5,88,0.08380499999999999
9.5,89,0.09867000000000001
9.5,90,0.10463
9.5,91,0.08859
9.5,92,0.07826
9.5,93,0.131965
9.5,94,0.08776500000000001
9.5,95,0.114455
9.5,96,0.11040999999999998
9.5,97,0.158985
9.5,98,0.08197499999999999
9.5,99,0.06869499999999999
9.5,100,0.06945
9.5,101,0.088195
9.5,102,0.07383999999999999
9.5,103,0.09659999999999999
9.5,104,0.11975
9.5,105,0.08902499999999999
9.5,106,0.09246499999999999
9.5,107,0.11160999999999999
9.5,108,0.12079999999999999
9.5,109,0.08159
9.5,110,0.09673000000000001
9.5,111,0.088335
9.5,112,0.11153500000000001
9.5,113,0.069385
9.5,114,0.10838
9.5,115,0.07114000000000001
9.5,116,0.10864499999999999
9.5,117,0.10051000000000002
9.5,118,0.12056
9.5,119,0.147095
9.5,120,0.186255
9.5,121,0.232655
9.5,122,0.195285
9.5,123,0.273875
9.5,124,0.196585
9.5,125,0.148945
9.5,126,0.13239
9.5,127,0.11593
9.5,128,0.1266
9.5,129,0.09979
9.5,130,0.09919
9.5,131,0.079565
9.5,132,0.12088000000000002
9.5,133,0.08692
9.5,134,0.10573999999999999
9.5,135,0.102015
9.5,136,0.13817
9.5,137,0.11537
9.5,138,0.139015
9.5,139,0.10273499999999999
9.5,140,0.11929000000000001
9.5,141,0.11023000000000001
9.5,142,0.0912
9.5,143,0.11241000000000001
9.5,144,0.08538
9.5,145,0.13932
9.5,146,0.08932999999999999
9.5,147,0.10118
9.5,148,0.16362000000000002
9.5,149,0.124045
9.5,150,0.117835
9.5,151,0.135715
9.5,152,0.14471499999999998
9.5,153,0.13391999999999998
9.5,154,0.16411
9.5,155,0.16677
9.5,156,0.10806500000000001
9.5,157,0.11392
9.5,158,0.08251
9.5,159,0.112285
9.5,160,0.09085
9.5,161,0.14540999999999998
9.5,162,0.107595
9.5,163,0.13779
9.5,164,0.13131500000000002
9.5,165,0.107565
9.5,166,0.12419
9.5,167,0.11579500000000001
9.5,168,0.167745
9.5,169,0.10386999999999999
9.5,170,0.13274999999999998
9.5,171,0.086815
9.5,172,0.071545
9.5,173,0.06343
9.5,174,0.07718
9.5,175,0.08457
9.5,176,0.11554
9.5,177,0.11703999999999999
9.5,178,0.104805
9.5,179,0.09606
9.5,180,0.09474
9.5,181,0.10706
9.5,182,0.12669
9.5,183,0.14709
9.5,184,0.13178499999999999
9.5,185,0.19592
9.5,186,0.18331
9.5,187,0.17848999999999998
9.5,188,0.19246000000000002
9.5,189,0.191555
9.5,190,0.14391
9.5,191,0.246325
9.5,192,0.165325
9.5,193,0.116785
9.5,194,0.12271499999999999
9.5,195,0.10281
9.5,196,0.152145
9.5,197,0.111075
9.5,198,0.13677999999999998
9.5,199,0.13525
9.5,200,0.18062
9.5,201,0.12948500000000002
9.5,202,0.09452
9.5,203,0.10507999999999999
9.5,204,0.084705
9.5,205,0.108335
9.5,206,0.09642500000000001
9.5,207,0.14288499999999998
9.5,208,0.12244999999999999
9.5,209,0.11318999999999999
9.5,210,0.137585
9.5,211,0.158445
9.5,212,0.151875
9.5,213,0.09419000000000001
9.5,214,0.105465
9.5,215,0.08927500000000001
9.5,216,0.12987500000000002
9.5,217,0.06491
9.5,218,0.07306
9.5,219,0.0608
9.5,220,0.073785
9.5,221,0.07787
9.5,222,0.091045
9.5,223,0.09954
9.5,224,0.14217
9.5,225,0.113785
9.5,226,0.096685
9.5,227,0.0932
9.5,228,0.082455
9.5,229,0.13169
9.5,230,0.08177
9.5,231,0.145955
9.5,232,0.12301500000000001
9.5,233,0.10288
9.5,234,0.13566
9.5,235,0.09962
9.5,236,0.141845
9.5,237,0.125025
9.5,238,0.19029000000000001
10.0,32,0.1424
10.0,33,0.15195
10.0,34,0.11293500000000001
10.0,35,0.14934
10.0,36,0.09378
10.0,37,0.11305000000000001
10.0,38,0.10284
10.0,39,0.131775
10.0,40,0.108075
10.0,41,0.09072
10.0,42,0.114395
10.0,43,0.103285
10.0,44,0.14284000000000002
10.0,45,0.12035
10.0,46,0.151615
10.0,47,0.1339
10.0,48,0.09162000000000001
10.0,49,0.079325
10.0,50,0.11200000000000002
10.0,51,0.06833
10.0,52,0.07374499999999999
10.0,53,0.07971
10.0,54,0.115345
10.0,55,0.109605
10.0,56,0.14040999999999998
10.0,57,0.15561
10.0,58,0.1432
10.0,59,0.224385
10.0,60,0.17405500000000002
10.0,61,0.18105
10.0,62,0.15872
10.0,63,0.12258500000000001
10.0,64,0.15431
10.0,65,0.091915
10.0,66,0.08938
10.0,67,0.054225
10.0,68,0.089575
10.0,69,0.09242500000000001
10.0,70,0.112215
10.0,71,0.141635
10.0,72,0.17455
10.0,73,0.20430500000000001
10.0,74,0.17243
10.0,75,0.12454000000000001
10.0,76,0.108185
10.0,77,0.12558
10.0,78,0.072425
10.0,79,0.07893
10.0,80,0.127505
10.0,81,0.160575
10.0,82,0.15092
10.0,83,0.152095
10.0,84,0.09078
10.0,85,0.11819500000000001
10.0,86,0.10852500000000001
10.0,87,0.128195
10.0,88,0.091635
10.0,89,0.10466500000000001
10.0,90,0.106295
10.0,91,0.09131
10.0,92,0.07644999999999999
10.0,93,0.12361499999999999
10.0,94,0.0819
10.0,95,0.105965
10.0,96,0.11032
10.0,97,0.150175
10.0,98,0.08368
10.0,99,0.06289
10.0,100,0.06185500000000001
10.0,101,0.08636
10.0,102,0.074295
10.0,103,0.097635
10.0,104,0.12384500000000001
10.0,105,0.096335
10.0,106,0.115025
10.0,107,0.13321
10.0,108,0.172255
10.0,109,0.089285
10.0,110,0.10357000000000001
10.0,111,0.09159500000000001
10.0,112,0.11492
10.0,113,0.067805
10.0,114,0.091475
10.0,115,0.06489500000000001
10.0,116,0.091635
10.0,117,0.09591
10.0,118,0.11416
10.0,119,0.14286000000000001
10.0,120,0.20518999999999998
10.0,121,0.217735
10.0,122,0.192
10.0,123,0.160725
10.0,124,0.17842
10.0,125,0.14109
10.0,126,0.12746
10.0,127,0.113285
10.0,128,0.120505
10.0,129,0.09565
10.0,130,0.10083
10.0,131,0.07934
10.0,132,0.12732
10.0,133,0.083675
10.0,134,0.10245
10.0,135,0.106285
10.0,136,0.13676
10.0,137,0.124075
10.0,138,0.1462
10.0,139,0.109175
10.0,140,0.12789
10.0,141,0.121395
10.0,142,0.090815
10.0,143,0.11164
10.0,144,0.08305
10.0,145,0.13893
10.0,146,0.0839
10.0,147,0.09724
10.0,148,0.16798
10.0,149,0.12362
10.0,150,0.11627499999999999
10.0,151,0.132825
10.0,152,0.140165
10.0,153,0.13303500000000001
10.0,154,0.16598
10.0,155,0.16725
10.0,156,0.10150999999999999
10.0,157,0.11293500000000001
10.0,158,0.07643
10.0,159,0.109855
10.0,160,0.083845
10.0,161,0.15035
10.0,162,0.11137999999999999
10.0,163,0.14038
10.0,164,0.14754
10.0,165,0.125285
10.0,166,0.13835999999999998
10.0,167,0.13228
10.0,168,0.183835
10.0,169,0.11222499999999999
10.0,170,0.12946
10.0,171,0.085935
10.0,172,0.070255
10.0,173,0.0578
10.0,174,0.07846
10.0,175,0.07871500000000001
10.0,176,0.10764
10.0,177,0.119425
10.0,178,0.099995
10.0,179,0.09354
10.0,180,0.09146
10.0,181,0.106805
10.0,182,0.139035
10.0,183,0.16188
10.0,184,0.14749
10.0,185,0.22220499999999999
10.0,186,0.21247500000000002
10.0,187,0.17811000000000002
10.0,188,0.19014
10.0,189,0.18527
10.0,190,0.12471000000000002
10.0,191,0.214275
10.0,192,0.15172000000000002
10.0,193,0.11118000000000001
10.0,194,0.11305499999999999
10.0,195,0.09955
10.0,196,0.143995
10.0,197,0.105625
10.0,198,0.122245
10.0,199,0.10904499999999999
10.0,200,0.16242499999999999
10.0,201,0.124735
10.0,202,0.08773
10.0,203,0.102285
10.0,204,0.07439
10.0,205,0.10500000000000001
10.0,206,0.089195
10.0,207,0.13248500000000002
10.0,208,0.11993499999999999
10.0,209,0.108175
10.0,210,0.12043
10.0,211,0.15337499999999998
10.0,212,0.14111
10.0,213,0.09244
10.0,214,0.10661499999999999
10.0,215,0.09131
10.0,216,0.12515
10.0,217,0.06273999999999999
10.0,218,0.073725
10.0,219,0.060355000000000006
10.0,220,0.07995
10.0,221,0.08095
10.0,222,0.08993999999999999
10.0,223,0.10338499999999999
10.0,224,0.14221
10.0,225,0.11948
10.0,226,0.101545
10.0,227,0.093405
10.0,228,0.08465
10.0,229,0.116195
10.0,230,0.080115
10.0,231,0.130595
10.0,232,0.12394000000000001
10.0,233,0.09341
10.0,234,0.142615
10.0,235,0.099765
10.0,236,0.145385
10.0,237,0.12021
10.0,238,0.16867000000000001
10.5,32,0.135635
10.5,33,0.14197500000000002
10.5,34,0.107845
10.5,35,0.14218
10.5,36,0.085365
10.5,37,0.105715
10.5,38,0.097435
10.5,39,0.12365
10.5,40,0.10588
10.5,41,0.083795
10.5,42,0.10895999999999999
10.5,43,0.09677
10.5,44,0.12349999999999998
10.5,45,0.10316499999999999
10.5,46,0.13211
10.5,47,0.12902
10.5,48,0.08581
10.5,49,0.075605
10.5,50,0.10125500000000001
10.5,51,0.065675
10.5,52,0.07200999999999999
10.5,53,0.06917999999999999
10.5,54,0.10698
10.5,55,0.103885
10.5,56,0.12913000000000002
10.5,57,0.161725
10.5,58,0.14309
10.5,59,0.201835
10.5,60,0.154835
10.5,61,0.17245
10.5,62,0.16231
10.5,63,0.12337000000000001
10.5,64,0.117445
10.5,65,0.090445
10.5,66,0.09337999999999999
10.5,67,0.05948
10.5,68,0.09248999999999999
10.5,69,0.08856
10.5,70,0.10885
10.5,71,0.142345
10.5,72,0.16389
10.5,73,0.210285
10.5,74,0.18123499999999998
10.5,75,0.123555
10.5,76,0.106585
10.5,77,0.125305
10.5,78,0.074985
10.5,79,0.077005
10.5,80,0.1173
10.5,81,0.128685
10.5,82,0.140155
10.5,83,0.147845
10.5,84,0.08887500000000001
10.5,85,0.11066000000000001
10.5,86,0.09875500000000001
10.5,87,0.122465
10.5,88,0.085205
10.5,89,0.09642999999999999
10.5,90,0.099455
10.5,91,0.081685
10.5,92,0.072125
10.5,93,0.12783
10.5,94,0.08862
10.5,95,0.12214499999999999
10.5,96,0.11089
10.5,97,0.153845
10.5,98,0.07958499999999999
10.5,99,0.06415
10.5,100,0.070495
10.5,101,0.090395
10.5,102,0.06792000000000001
10.5,103,0.08788
10.5,104,0.10747999999999999
10.5,105,0.085245
10.5,106,0.094705
10.5,107,0.10517499999999999
10.5,108,0.124345
10.5,109,0.080655
10.5,110,0.090865
10.5,111,0.08621999999999999
10.5,112,0.104125
10.5,113,0.067785
10.5,114,0.095785
10.5,115,0.06948
10.5,116,0.09885
10.5,117,0.099895
10.5,118,0.115945
10.5,119,0.14113
10.5,120,0.15781
10.5,121,0.21657
10.5,122,0.18975
10.5,123,0.259545
10.5,124,0.18671500000000002
10.5,125,0.13998
10.5,126,0.13549
10.5,127,0.118475
10.5,128,0.127
10.5,129,0.09498999999999999
10.5,130,0.09837
10.5,131,0.079845
10.5,132,0.11922999999999999
10.5,133,0.08096
10.5,134,0.098685
10.5,135,0.09696
10.5,136,0.12714
10.5,137,0.11067500000000001
10.5,138,0.13428
10.5,139,0.090945
10.5,140,0.105715
10.5,141,0.11565
10.5,142,0.08828
10.5,143,0.125355
10.5,144,0.094525
10.5,145,0.13085
10.5,146,0.09627
10.5,147,0.11312
10.5,148,0.173645
10.5,149,0.13874999999999998
10.5,150,0.131545
10.5,151,0.15283
10.5,152,0.15284
10.5,153,0.14432499999999998
10.5,154,0.17429
10.5,155,0.175105
10.5,156,0.111605
10.5,157,0.11849000000000001
10.5,158,0.087325
10.5,159,0.11087
10.5,160,0.08209
10.5,161,0.145085
10.5,162,0.09954
10.5,163,0.12092
10.5,164,0.117025
10.5,165,0.10345
10.5,166,0.11840999999999999
10.5,167,0.11494
10.5,168,0.144615
10.5,169,0.10222500000000001
10.5,170,0.12661
10.5,171,0.086555
10.5,172,0.07273
10.5,173,0.0618
10.5,174,0.07193000000000001
10.5,175,0.09651499999999999
10.5,176,0.109895
10.5,177,0.116245
10.5,178,0.10049
10.5,179,0.094135
10.5,180,0.08874499999999999
10.5,181,0.10815999999999999
10.5,182,0.146605
10.5,183,0.15695
10.5,184,0.133935
10.5,185,0.18699
10.5,186,0.18535
10.5,187,0.16584000000000002
10.5,188,0.195055
10.5,189,0.210675
10.5,190,0.14005499999999999
10.5,191,0.20661000000000002
10.5,192,0.196465
10.5,193,0.13549
10.5,194,0.13147999999999999
10.5,195,0.10691500000000001
10.5,196,0.15645
10.5,197,0.116855
10.5,198,0.14349
10.5,199,0.152175
10.5,200,0.20947
10.5,201,0.145175
10.5,202,0.107995
10.5,203,0.10855
10.5,204,0.087475
10.5,205,0.109145
10.5,206,0.10341499999999999
10.5,207,0.14607
10.5,208,0.131295
10.5,209,0.11688000000000001
10.5,210,0.1547
10.5,211,0.170855
10.5,212,0.152865
10.5,213,0.104855
10.5,214,0.10969500000000001
10.5,215,0.09565
10.5,216,0.1328
10.5,217,0.07116
10.5,218,0.07097
10.5,219,0.05789999999999999
10.5,220,0.073695
10.5,221,0.07177
10.5,222,0.08632999999999999
10.5,223,0.098155
10.5,224,0.14697
10.5,225,0.112345
10.5,226,0.093885
10.5,227,0.093365
10.5,228,0.07767500000000001
10.5,229,0.11193
10.5,230,0.079005
10.5,231,0.140565
10.5,232,0.129325
10.5,233,0.10644499999999998
10.5,234,0.14042000000000002
10.5,235,0.10937
10.5,236,0.151965
10.5,237,0.12317499999999999
10.5,238,0.18092999999999998
