residue,pi
36,5.65
37,5.96
38,5.96
39,5.6
40,6
41,5.96
42,3.22
43,5.66
44,5.65
45,3.22
46,6
47,6.02
48,5.98
49,6
50,5.07
51,9.74
52,5.6
53,6.3
54,9.74
55,9.74
56,5.6
57,5.96
58,5.68
59,5.68
60,10.76
61,5.98
62,3.22
63,5.89
64,9.74
65,9.74
66,5.98
67,5.97
68,10.76
69,5.68
70,5.96
71,5.68
72,5.48
73,5.96
74,5.66
75,5.66
76,5.65
77,5.65
78,5.6
79,5.98
80,5.65
81,5.97
82,2.77
83,5.48
84,9.74
85,5.41
86,10.76
87,6
88,3.22
89,5.74
90,6.02
91,2.77
92,5.48
93,5.41
94,6.02
95,10.76
96,6.02
97,9.74
98,5.41
99,5.96
100,5.6
101,10.76
102,5.68
103,2.77
104,6
105,5.97
106,9.74
107,5.66
108,10.76
109,5.07
110,3.22
111,5.96
112,5.68
113,6
114,6.3
115,5.68
116,3.22
117,5.65
118,5.97
119,5.65
120,5.41
121,5.98
122,3.22
123,3.22
124,2.77
125,5.6
126,5.96
127,5.6
128,5.98
129,3.22
130,5.96
131,5.98
132,5.96
133,6
134,6.3
135,6
136,5.96
137,6.3
138,5.68
139,5.07
140,3.22
141,5.96
142,6.3
143,5.68
144,5.68
145,6
146,5.98
147,5.68
148,5.97
149,5.6
150,5.96
151,5.96
152,3.22
153,5.98
154,10.76
155,5.07
156,5.65
157,2.77
158,9.74
159,3.22
160,5.97
161,5.41
162,6.3
163,6
164,6.3
165,3.22
166,5.66
167,5.6
168,5.89
169,5.48
170,9.74
171,2.77
172,5.97
173,6.02
174,10.76
175,5.98
176,5.98
177,3.22
178,5.41
179,6.3
180,10.76
181,5.98
182,5.97
183,5.68
184,5.65
185,5.68
186,5.6
187,5.41
188,5.68
189,5.68
190,5.66
191,5.6
192,5.74
193,5.41
194,5.6
195,9.74
196,5.6
197,5.97
198,5.6
199,5.98
200,5.65
201,5.48
202,5.41
203,5.6
204,5.96
205,5.68
206,9.74
207,5.98
208,2.77
209,5.6
210,5.97
211,3.22
212,5.66
213,5.68
214,5.07
215,3.22
216,6
217,10.76
218,5.41
219,5.68
220,5.96
221,5.97
222,5.66
223,10.76
224,10.76
225,5.07
226,6.3
227,5.97
228,9.74
229,10.76
230,5.74
231,5.65
232,5.96
233,2.77