residue,min,max,delta_rmsf
36,0.16994,0.25027,0.08032999999999998
37,0.134455,0.15579,0.02133500000000002
38,0.106235,0.12319500000000001,0.016960000000000017
39,0.126315,0.15025,0.023934999999999984
40,0.11589,0.13703,0.021140000000000006
41,0.12514,0.15091000000000002,0.025770000000000015
42,0.12436500000000002,0.15102500000000002,0.026660000000000003
43,0.149175,0.16991,0.020735000000000003
44,0.13948,0.15968,0.020199999999999996
45,0.11688499999999999,0.14095,0.024065000000000003
46,0.08912,0.097005,0.00788499999999999
47,0.095415,0.10363,0.008215
48,0.075845,0.08581,0.009965000000000002
49,0.08038,0.091335,0.010955000000000006
50,0.08432500000000001,0.10110000000000001,0.016774999999999998
51,0.132915,0.18332500000000002,0.05041000000000001
52,0.11019000000000001,0.135255,0.025064999999999976
53,0.14483,0.174395,0.029565000000000008
54,0.16799,0.191745,0.023755
55,0.136735,0.23328500000000002,0.09655000000000002
56,0.144865,0.18784,0.04297500000000001
57,0.16928,0.22744,0.05815999999999999
58,0.16624,0.2048,0.03856000000000001
59,0.118415,0.14606,0.02764499999999999
60,0.125645,0.17398,0.04833499999999999
61,0.07847000000000001,0.10064999999999999,0.022179999999999978
62,0.095825,0.113155,0.017330000000000012
63,0.05147,0.0571,0.005629999999999996
64,0.09052,0.103295,0.012774999999999995
65,0.111785,0.12656,0.01477500000000001
66,0.119565,0.14593499999999998,0.026369999999999977
67,0.1608,0.185505,0.024705000000000005
68,0.26061999999999996,0.31089,0.05027000000000004
69,0.1764,0.20205,0.025650000000000006
70,0.14087,0.16312,0.022249999999999992
71,0.109575,0.12666,0.01708499999999999
72,0.11814499999999999,0.131695,0.01355000000000002
73,0.07026,0.0795,0.009239999999999998
74,0.07724,0.08796,0.010719999999999993
75,0.12114,0.136855,0.015715000000000007
76,0.146055,0.17173,0.025675000000000003
77,0.122065,0.15385,0.03178499999999998
78,0.11237,0.12637,0.014000000000000012
79,0.089,0.10593,0.01693
80,0.106385,0.120395,0.014010000000000009
81,0.11834499999999999,0.14615,0.02780500000000001
82,0.13364,0.162555,0.028914999999999996
83,0.08813499999999999,0.10445,0.01631500000000001
84,0.141385,0.17277499999999998,0.031389999999999973
85,0.14459,0.16769499999999998,0.023104999999999987
86,0.098795,0.113825,0.015030000000000002
87,0.079985,0.09416,0.014174999999999993
88,0.121735,0.135435,0.013700000000000004
89,0.085735,0.09822,0.012484999999999996
90,0.11348,0.12215000000000001,0.008670000000000011
91,0.1142,0.13524,0.021040000000000003
92,0.091295,0.11631499999999999,0.025019999999999987
93,0.078135,0.08567,0.007535
94,0.06219,0.076955,0.014764999999999993
95,0.104155,0.11857500000000001,0.014420000000000016
96,0.085065,0.09147,0.006404999999999994
97,0.11934,0.1285,0.009160000000000001
98,0.13202,0.14743,0.015410000000000007
99,0.101,0.11710000000000001,0.016100000000000003
100,0.11274999999999999,0.13466,0.021910000000000013
101,0.12237,0.152825,0.030454999999999982
102,0.11543,0.138685,0.023254999999999998
103,0.09315999999999999,0.10699,0.013830000000000009
104,0.10414000000000001,0.12258500000000001,0.018445000000000003
105,0.09711,0.1166,0.019489999999999993
106,0.134215,0.15390500000000001,0.019690000000000013
107,0.076335,0.08442000000000001,0.008085000000000009
108,0.103795,0.118385,0.014590000000000006
109,0.06493499999999999,0.07699500000000001,0.012060000000000015
110,0.08764,0.111765,0.024125000000000008
111,0.089055,0.10313000000000001,0.014075000000000018
112,0.11010499999999998,0.129065,0.018960000000000032
113,0.138545,0.155245,0.016699999999999993
114,0.17483500000000002,0.207625,0.032789999999999986
115,0.21369,0.24538000000000001,0.031690000000000024
116,0.32037,0.371355,0.050985
117,0.315515,0.352465,0.03694999999999998
118,0.22635999999999998,0.25597,0.029609999999999997
119,0.193395,0.238265,0.04486999999999999
120,0.166655,0.18492999999999998,0.018274999999999986
121,0.12734499999999999,0.15547,0.02812500000000001
122,0.129755,0.14926,0.019504999999999995
123,0.12291,0.140455,0.01754499999999999
124,0.09745000000000001,0.11600999999999999,0.01855999999999998
125,0.09917000000000001,0.118415,0.019244999999999998
126,0.08846499999999999,0.09972,0.011255000000000015
127,0.105755,0.12540500000000002,0.019650000000000015
128,0.0964,0.10976999999999999,0.013369999999999993
129,0.13827499999999998,0.16882999999999998,0.030555
130,0.11425,0.13670500000000002,0.022455000000000017
131,0.131075,0.16144,0.030365000000000003
132,0.12201999999999999,0.14838,0.026360000000000022
133,0.11483000000000002,0.13750500000000002,0.022675
134,0.10432999999999999,0.118815,0.014485000000000012
135,0.108195,0.12846,0.02026499999999999
136,0.11730499999999999,0.14669,0.029384999999999994
137,0.09073,0.10430999999999999,0.013579999999999981
138,0.10517499999999999,0.11523000000000001,0.010055000000000022
139,0.084075,0.099585,0.01551000000000001
140,0.12916,0.152635,0.023474999999999996
141,0.088565,0.105415,0.01684999999999999
142,0.10216499999999999,0.11759,0.015425000000000008
143,0.13169,0.15902,0.027329999999999993
144,0.13587,0.16075,0.024880000000000013
145,0.12380499999999998,0.14676,0.022955000000000017
146,0.16144,0.192385,0.030945
147,0.13917,0.17245,0.033280000000000004
148,0.138815,0.168435,0.029620000000000007
149,0.13376000000000002,0.16106,0.02729999999999999
150,0.123645,0.15174,0.02809500000000001
151,0.09882500000000001,0.12323999999999999,0.02441499999999998
152,0.117605,0.14133,0.02372500000000001
153,0.081755,0.090685,0.008930000000000007
154,0.11500999999999999,0.16184,0.046830000000000024
155,0.076015,0.08752499999999999,0.011509999999999992
156,0.12538,0.15149,0.026110000000000022
157,0.1044,0.12021,0.01580999999999999
158,0.164585,0.19199,0.027404999999999985
159,0.125085,0.14615499999999998,0.021069999999999978
160,0.11195,0.13022,0.01827000000000001
161,0.13972500000000002,0.16761500000000001,0.027889999999999998
162,0.12602,0.153175,0.027155000000000012
163,0.11791,0.13477,0.01686
164,0.102275,0.11497500000000001,0.012700000000000003
165,0.125145,0.13576,0.010614999999999986
166,0.07903,0.09082,0.011789999999999995
167,0.06867999999999999,0.083675,0.014995000000000008
168,0.056315000000000004,0.06493499999999999,0.008619999999999989
169,0.07694,0.085985,0.009045000000000011
170,0.079015,0.092335,0.013319999999999999
171,0.10489,0.11522000000000002,0.01033000000000002
172,0.10843499999999999,0.11574,0.007305000000000006
173,0.111955,0.12614,0.014185000000000003
174,0.101905,0.14412,0.042215
175,0.08209,0.09192,0.009830000000000005
176,0.116475,0.13381,0.017335000000000017
177,0.13040000000000002,0.15731,0.02690999999999999
178,0.15098,0.18072,0.02973999999999999
179,0.14554,0.19047,0.04493
180,0.22978,0.299175,0.06939500000000001
181,0.174535,0.27202000000000004,0.09748500000000004
182,0.152585,0.185795,0.03320999999999999
183,0.12457,0.150345,0.025775000000000006
184,0.177095,0.21473,0.037635
185,0.10787,0.14256,0.03469
186,0.097845,0.11156999999999999,0.013724999999999987
187,0.123925,0.159475,0.03555000000000001
188,0.094345,0.11659,0.022245
189,0.11000499999999999,0.12517,0.015165000000000012
190,0.0864,0.095335,0.008934999999999998
191,0.10806,0.12654,0.01848000000000001
192,0.09326999999999999,0.11423000000000001,0.02096000000000002
193,0.10745,0.120445,0.012994999999999993
194,0.09965500000000001,0.108755,0.009099999999999997
195,0.13722,0.15305,0.015829999999999983
196,0.11166499999999999,0.130935,0.01927000000000001
197,0.07943,0.09156,0.012130000000000002
198,0.08782999999999999,0.109985,0.022155000000000008
199,0.065805,0.07966999999999999,0.013864999999999988
200,0.12374,0.14249499999999998,0.01875499999999998
201,0.08375,0.100455,0.016704999999999998
202,0.133785,0.16225499999999998,0.028469999999999995
203,0.11936,0.15041,0.031049999999999994
204,0.107595,0.13222499999999998,0.024629999999999985
205,0.11100499999999999,0.13702,0.02601500000000001
206,0.14937499999999998,0.17779,0.028415000000000024
207,0.145865,0.16272,0.01685500000000001
208,0.090835,0.11475500000000001,0.02392000000000001
209,0.110385,0.12256,0.012175000000000005
210,0.09152,0.10454000000000001,0.013020000000000004
211,0.11742999999999999,0.126635,0.009205000000000005
212,0.06579,0.07533,0.009539999999999993
213,0.066165,0.0725,0.006334999999999993
214,0.05967,0.063465,0.003794999999999993
215,0.079945,0.089475,0.009529999999999997
216,0.07674,0.08842,0.011679999999999996
217,0.10012000000000001,0.13301000000000002,0.03289
218,0.1005,0.12784,0.027340000000000003
219,0.125755,0.15643,0.030675000000000008
220,0.12383,0.15879000000000001,0.03496000000000002
221,0.102515,0.128835,0.02632000000000001
222,0.12005000000000002,0.13688,0.016829999999999984
223,0.117995,0.14523999999999998,0.027244999999999978
224,0.09711,0.1126,0.015490000000000004
225,0.089975,0.101525,0.011550000000000005
226,0.10546,0.12015499999999998,0.014694999999999986
227,0.097375,0.110735,0.013359999999999997
228,0.12077500000000001,0.135285,0.014509999999999981
229,0.129025,0.16003,0.031005000000000005
230,0.10422499999999998,0.113005,0.00878000000000001
231,0.13561,0.16431,0.028700000000000003
232,0.12166999999999999,0.14413,0.02246000000000002
233,0.16652499999999998,0.20665499999999998,0.04013
