residue,min,max,delta_sasa
36,1.3693,1.7221,0.3528
37,0.8472500000000001,0.92275,0.0754999999999999
38,0.3086,0.37725,0.06864999999999999
39,0.8618499999999999,0.8840999999999999,0.022249999999999992
40,0.0828,0.09525,0.012450000000000003
41,0.5056,0.5495,0.04389999999999994
42,0.23700000000000002,0.28115,0.044149999999999995
43,1.51925,1.589,0.06974999999999998
44,1.0478,1.0917,0.04389999999999983
45,0.62805,0.9128999999999999,0.28484999999999994
46,0.03715,0.0608,0.023649999999999997
47,0.7821,0.8301999999999999,0.04809999999999992
48,0.0005499999999999999,0.0026,0.0020499999999999997
49,0.31205,0.43425,0.12220000000000003
50,0.059050000000000005,0.13274999999999998,0.07369999999999997
51,1.4296,1.67285,0.24324999999999997
52,0.18295,0.3154,0.13245
53,0.8951499999999999,1.236,0.3408500000000001
54,0.73055,1.26425,0.5337000000000001
55,0.7586,1.8539999999999999,1.0953999999999997
56,0.4715,0.78325,0.31175
57,1.16545,1.5878999999999999,0.42244999999999977
58,0.7800499999999999,1.0491,0.26905
59,0.1163,0.42794999999999994,0.3116499999999999
60,0.8712500000000001,1.36265,0.49139999999999984
61,0.049049999999999996,0.1183,0.06925
62,0.11705000000000002,0.39935,0.2823
63,0.00030000000000000003,0.00355,0.0032500000000000003
64,0.28264999999999996,0.35910000000000003,0.07645000000000007
65,0.44334999999999997,0.50105,0.05770000000000003
66,0.41615,0.6772,0.26105
67,0.4873,0.55255,0.06524999999999997
68,2.6062000000000003,2.7633,0.1570999999999998
69,0.97395,1.1250499999999999,0.1510999999999999
70,0.75495,0.8419000000000001,0.08695000000000008
71,0.522,0.60805,0.08604999999999996
72,0.78975,0.8422499999999999,0.05249999999999999
73,0.00235,0.006500000000000001,0.004150000000000001
74,0.2589,0.29464999999999997,0.03574999999999995
75,0.7919,0.8596,0.06769999999999998
76,1.20305,1.31515,0.11210000000000009
77,0.84785,1.2236,0.37575000000000003
78,0.6938,0.7496,0.05580000000000007
79,0.23820000000000002,0.29209999999999997,0.05389999999999995
80,0.491,0.5438000000000001,0.05280000000000007
81,0.49115000000000003,0.5821500000000001,0.09100000000000003
82,0.9614,1.23765,0.2762499999999999
83,0.08249999999999999,0.12985,0.04735
84,1.215,1.3213,0.10629999999999984
85,1.3916499999999998,1.54845,0.15680000000000027
86,0.49375,0.6063,0.11254999999999993
87,0.0678,0.1147,0.0469
88,0.6742,0.91335,0.23914999999999997
89,0.46604999999999996,0.53715,0.07110000000000005
90,0.7511,0.90055,0.14944999999999997
91,1.02695,1.2914999999999999,0.26454999999999984
92,0.1843,0.42575,0.24145000000000003
93,0.34455,0.40255,0.057999999999999996
94,0.00045000000000000004,0.0015,0.00105
95,0.6612,0.7373999999999999,0.07619999999999993
96,0.0016,0.0049,0.0033
97,0.7508,0.8693500000000001,0.11855000000000004
98,0.8048,0.8853,0.08050000000000002
99,0.0,0.00125,0.00125
100,0.3863,0.45495,0.06865000000000004
101,0.9853500000000001,1.04075,0.055400000000000005
102,0.94275,0.99275,0.050000000000000044
103,0.0717,0.11065,0.03895
104,0.32134999999999997,0.37695,0.05560000000000004
105,0.2273,0.24605000000000002,0.018750000000000017
106,1.16905,1.2096500000000001,0.04060000000000019
107,0.0026000000000000003,0.006799999999999999,0.004199999999999999
108,0.5678,0.7455499999999999,0.17774999999999996
109,0.0032500000000000003,0.0218,0.01855
110,0.17980000000000002,0.33735,0.15754999999999997
111,0.014150000000000001,0.05675,0.0426
112,0.10800000000000001,0.23820000000000002,0.1302
113,0.06155000000000001,0.18465,0.1231
114,0.68495,0.9862500000000001,0.3013000000000001
115,0.49085,0.59105,0.10019999999999996
116,1.7958500000000002,1.8495000000000001,0.053649999999999975
117,1.7139499999999999,1.8395,0.12555000000000005
118,0.41790000000000005,0.5173,0.09939999999999993
119,1.1686999999999999,1.4933999999999998,0.3247
120,0.69755,0.9194000000000001,0.2218500000000001
121,0.88545,1.0821999999999998,0.19674999999999987
122,0.5955999999999999,0.8032999999999999,0.2077
123,0.9500500000000001,1.04245,0.09240000000000004
124,0.26255,0.51065,0.24810000000000004
125,0.43475,0.5044500000000001,0.06970000000000004
126,0.041249999999999995,0.07045,0.029200000000000004
127,0.22515000000000002,0.3044,0.07924999999999999
128,0.0056,0.016550000000000002,0.010950000000000001
129,0.7687999999999999,0.8403499999999999,0.07155
130,0.0653,0.0839,0.018600000000000005
131,0.3352,0.4067,0.07150000000000001
132,0.03925,0.0801,0.040850000000000004
133,0.23650000000000002,0.34045000000000003,0.10395000000000001
134,0.0212,0.0372,0.015999999999999997
135,0.3081,0.426,0.1179
136,0.9149499999999999,1.1005,0.1855500000000001
137,0.05405,0.09195,0.0379
138,0.65565,0.7497,0.09405000000000008
139,0.10675000000000001,0.14275,0.035999999999999976
140,0.9489000000000001,1.19375,0.24485
141,0.1708,0.22469999999999998,0.053899999999999976
142,0.46125,0.49065000000000003,0.029400000000000037
143,0.9534499999999999,1.05275,0.09930000000000017
144,0.6407,0.81085,0.1701499999999999
145,0.0644,0.15675,0.09235
146,1.19925,1.4112500000000001,0.2120000000000002
147,0.4401,0.6857,0.24559999999999998
148,0.45644999999999997,0.6334500000000001,0.1770000000000001
149,0.5375,0.6625,0.125
150,0.8278000000000001,0.9811,0.15329999999999988
151,0.08085,0.14035,0.0595
152,0.6645000000000001,0.94705,0.28254999999999986
153,0.0005,0.006,0.0055
154,1.04825,1.2624,0.21415000000000006
155,0.014599999999999998,0.047950000000000007,0.033350000000000005
156,0.78645,1.037,0.25054999999999994
157,0.14235,0.27425,0.1319
158,1.87515,1.9527,0.07755000000000001
159,0.6176,0.8009999999999999,0.1833999999999999
160,0.1298,0.14465,0.014850000000000002
161,0.6537499999999999,0.78685,0.1331000000000001
162,0.6325999999999999,0.6830499999999999,0.050449999999999995
163,0.83545,0.9048,0.06935000000000002
164,0.0809,0.10229999999999999,0.02139999999999999
165,0.75215,0.90175,0.14960000000000007
166,0.10245,0.15325,0.0508
167,0.1924,0.3339,0.1415
168,0.0018500000000000003,0.0093,0.007449999999999999
169,0.20925,0.2638,0.05454999999999999
170,0.0548,0.21955,0.16475
171,0.70765,0.7757,0.06804999999999994
172,0.60275,0.6646500000000001,0.061900000000000066
173,0.7698,1.1617000000000002,0.39190000000000014
174,1.0964,1.47665,0.38025
175,0.01935,0.046700000000000005,0.027350000000000006
176,0.5855,0.8480000000000001,0.26250000000000007
177,0.66335,1.05155,0.3882
178,0.75435,0.9262499999999999,0.17189999999999994
179,0.37865000000000004,0.8042999999999999,0.42564999999999986
180,2.07755,2.2732,0.1956500000000001
181,1.2059,1.8634499999999998,0.6575499999999999
182,0.29685,0.50195,0.2051
183,0.17425000000000002,0.39535,0.22109999999999996
184,1.5996000000000001,1.9024,0.30279999999999996
185,0.20729999999999998,0.41105,0.20375000000000004
186,0.06965,0.158,0.08835
187,0.99285,1.4252,0.43235
188,0.08704999999999999,0.2226,0.13555
189,0.52515,0.8472,0.32204999999999995
190,0.09004999999999999,0.22365,0.1336
191,0.7978,0.8699999999999999,0.07219999999999993
192,0.17485,0.2561,0.08124999999999999
193,0.70075,0.7311,0.030349999999999988
194,0.22685,0.36335,0.1365
195,1.4757500000000001,1.6557,0.17994999999999983
196,0.7609,0.85495,0.09404999999999997
197,0.00025,0.0019,0.00165
198,0.16175,0.43760000000000004,0.27585000000000004
199,0.00045000000000000004,0.0053,0.00485
200,0.5700000000000001,0.64235,0.07234999999999991
201,0.00235,0.013550000000000001,0.011200000000000002
202,0.63255,0.98835,0.3558
203,0.62575,0.83765,0.21189999999999998
204,0.0162,0.0485,0.0323
205,0.2902,0.484,0.19379999999999997
206,1.31775,1.40045,0.0827
207,1.1327500000000001,1.4381,0.3053499999999998
208,0.00075,0.07635,0.0756
209,0.30474999999999997,0.5439499999999999,0.23919999999999997
210,0.01905,0.10445,0.0854
211,0.61525,0.8135999999999999,0.19834999999999992
212,0.00225,0.0218,0.01955
213,0.1169,0.15965000000000001,0.04275000000000001
214,0.0,0.0036499999999999996,0.0036499999999999996
215,0.07305,0.13965,0.06659999999999999
216,0.0,0.00245,0.00245
217,1.05205,1.1669,0.11485000000000012
218,0.1632,0.20620000000000002,0.04300000000000001
219,1.0646499999999999,1.1278000000000001,0.06315000000000026
220,0.41609999999999997,0.45890000000000003,0.04280000000000006
221,0.1433,0.1672,0.023899999999999977
222,1.1535,1.3984999999999999,0.24499999999999988
223,1.1371,1.29405,0.15694999999999992
224,1.2291,1.2969,0.06779999999999986
225,0.08120000000000001,0.13169999999999998,0.050499999999999975
226,1.08805,1.1398,0.05174999999999996
227,0.32755,0.37765,0.05009999999999998
228,0.8890499999999999,1.0183,0.1292500000000001
229,1.3297,1.68345,0.3537499999999998
230,0.0007,0.024100000000000003,0.023400000000000004
231,0.77135,1.0593,0.28794999999999993
232,0.02955,0.16995,0.1404
233,1.059,1.2682,0.20920000000000005
