"Residue","Betweenness_Centrality","Degree_Centrality","Weighted_Degree_Centrality","Score"
"Vb",0.0128579777907656,0.559322033898305,6.37948397808776,8.11808118081181
"Va",0.0479251899473992,0.542372881355932,6.11311812309235,30.2583025830258
"Vc",0.0181180596142607,0.525423728813559,5.88823004421286,11.4391143911439
"Ib",0.0333138515488019,0.457627118644068,5.20345211680351,21.0332103321033
"Lc",0.0648743424897721,0.474576271186441,5.13997964181787,40.9594095940959
"Lb",0.0414962010520164,0.457627118644068,5.10996933350758,26.1992619926199
"La",0.0374050263004091,0.457627118644068,4.93585812016121,23.6162361623616
"Ic",0.0742255990648743,0.423728813559322,4.73339678398707,46.8634686346863
"Qb",0.0344827586206897,0.372881355932203,4.18386942364905,21.7712177121771
"Sb",0,0.305084745762712,4.14926800629055,0
"Db",0.00116890707188778,0.322033898305085,4.13239963273449,0.738007380073801
"Ka",0.0181180596142607,0.35593220338983,4.09667615524245,11.4391143911439
"Fc",0.0461718293395675,0.35593220338983,4.01079597553597,29.1512915129151
"Sc",0.00175336060783168,0.288135593220339,3.91471942627336,1.1070110701107
"Ea",0.00642898889538282,0.305084745762712,3.88973604439454,4.0590405904059
"Ec",0.00993571011104617,0.305084745762712,3.85634032026518,6.27306273062731
"Qc",0.0081823495032145,0.322033898305085,3.81062826968437,5.16605166051661
"Fb",0.0175336060783168,0.305084745762712,3.80971047231227,11.070110701107
"Kc",0.00876680303915839,0.305084745762712,3.73516805669857,5.5350553505535
"Nc",0.00993571011104617,0.288135593220339,3.7164909757001,6.27306273062731
"Kb",0.127995324371712,0.288135593220339,3.71014342505299,80.8118081180812
"Dc",0,0.271186440677966,3.63812469866183,0
"Da",0.000584453535943892,0.271186440677966,3.63681226851977,0.3690036900369
"Nb",0.00175336060783168,0.271186440677966,3.63652373860683,1.1070110701107
"Yb",0.0426651081239042,0.288135593220339,3.57660602790549,26.9372693726937
"Eb",0.00175336060783168,0.254237288135593,3.5493963356043,1.1070110701107
"Ia",0.0187025131502046,0.305084745762712,3.49155639870557,11.8081180811808
"Tb",0.0607831677381648,0.254237288135593,3.46861048225791,38.3763837638376
"Ab",0.0508474576271186,0.322033898305085,3.4282977466291,32.1033210332103
"Sa",0.00350672121566335,0.254237288135593,3.27923613182312,2.2140221402214
"Rb",0.00642898889538282,0.23728813559322,3.19734139806965,4.0590405904059
"Yc",0.0105201636469901,0.23728813559322,3.18377349293264,6.64206642066421
"Ta",0.0356516656925774,0.254237288135593,3.1534250790766,22.5092250922509
"Tc",0.0081823495032145,0.23728813559322,3.14250569562385,5.16605166051661
"Fa",0.0292226767971946,0.254237288135593,3.09881796519732,18.450184501845
"Na",0.0075978959672706,0.220338983050847,3.07184647080625,4.7970479704797
"Gc",0.0122735242548217,0.220338983050847,3.06978629140711,7.74907749077491
"Rc",0.0321449444769141,0.23728813559322,3.05023361297658,20.2952029520295
"Gb",0.00876680303915839,0.203389830508475,3.01366469284431,5.5350553505535
"Ga",0.00350672121566335,0.203389830508475,3.00837942525138,2.2140221402214
"Ac",0.0280537697253068,0.271186440677966,2.9873779608731,17.7121771217712
"Ya",0.0134424313267095,0.186440677966102,2.82242899900449,8.48708487084871
"Ra",0.00409117475160725,0.186440677966102,2.6392926388249,2.5830258302583
"Hb",0,0.11864406779661,2.43137756250295,0
"Hc",0,0.0847457627118644,2.33010530032549,0
"Pb",0.00350672121566335,0.101694915254237,2.18856126539593,2.2140221402214
"Ha",0.0081823495032145,0.186440677966102,2.14517381083431,5.16605166051661
"Pa",0.0321449444769141,0.101694915254237,2.14060485020364,20.2952029520295
"Cb",0.158386908240795,0.0677966101694915,2.06625949328872,100
"Aa",0.00701344243132671,0.135593220338983,2.01068491781255,4.4280442804428
"Qa",0,0.101694915254237,1.959528583459,0
"Wa",0.0666277030976037,0.0508474576271186,1.95617734713362,42.0664206642066
"Cc",0.0981881940385739,0.0508474576271186,1.94813685068613,61.9926199261993
"Ma",0.00292226767971946,0.0847457627118644,1.93084277998242,1.8450184501845
"Wb",0,0.0338983050847458,1.92483855607388,0
"Wc",0,0.0338983050847458,1.91278976495249,0
"Mb",0.0303915838690824,0.0677966101694915,1.85555627405065,19.1881918819188
"Pc",0,0.0338983050847458,1.75162970734746,0
"Ca",0,0.0338983050847458,1.7360152101356,0
"Mc",0,0.0338983050847458,1.60539941133979,0
