pH,xtc_file,time_ns,rmsd_nm
6.50,pH_6.50pH_6.50_1.xtc,0.0,0.2982778
6.50,pH_6.50pH_6.50_1.xtc,100.0,0.3457376
6.50,pH_6.50pH_6.50_1.xtc,200.0,0.3094345
6.50,pH_6.50pH_6.50_1.xtc,300.0,0.3560044
6.50,pH_6.50pH_6.50_1.xtc,400.0,0.4544992
6.50,pH_6.50pH_6.50_1.xtc,500.0,0.3500641
6.50,pH_6.50pH_6.50_1.xtc,600.0,0.3332318
6.50,pH_6.50pH_6.50_1.xtc,700.0,0.2999022
6.50,pH_6.50pH_6.50_1.xtc,800.0,0.3597218
6.50,pH_6.50pH_6.50_1.xtc,900.0,0.267822
6.50,pH_6.50pH_6.50_1.xtc,1000.0,0.2341611
6.50,pH_6.50pH_6.50_2.xtc,0.0,0.2341611
6.50,pH_6.50pH_6.50_2.xtc,100.0,0.2959543
6.50,pH_6.50pH_6.50_2.xtc,200.0,0.2661329
6.50,pH_6.50pH_6.50_2.xtc,300.0,0.2878426
6.50,pH_6.50pH_6.50_2.xtc,400.0,0.2631014
6.50,pH_6.50pH_6.50_2.xtc,500.0,0.225216
6.50,pH_6.50pH_6.50_2.xtc,600.0,0.2807913
6.50,pH_6.50pH_6.50_2.xtc,700.0,0.2138046
6.50,pH_6.50pH_6.50_2.xtc,800.0,0.2568298
6.50,pH_6.50pH_6.50_2.xtc,900.0,0.2080095
6.50,pH_6.50pH_6.50_2.xtc,1000.0,0.2287257
6.50,pH_6.50pH_6.50_3.xtc,0.0,0.2287257
6.50,pH_6.50pH_6.50_3.xtc,100.0,0.2348176
6.50,pH_6.50pH_6.50_3.xtc,200.0,0.332197
6.50,pH_6.50pH_6.50_3.xtc,300.0,0.308798
6.50,pH_6.50pH_6.50_3.xtc,400.0,0.2540759
6.50,pH_6.50pH_6.50_3.xtc,500.0,0.1980711
6.50,pH_6.50pH_6.50_3.xtc,600.0,0.2141303
6.50,pH_6.50pH_6.50_3.xtc,700.0,0.1782252
6.50,pH_6.50pH_6.50_3.xtc,800.0,0.1742496
6.50,pH_6.50pH_6.50_3.xtc,900.0,0.1520756
6.50,pH_6.50pH_6.50_3.xtc,1000.0,0.0005034
6.50,pH_6.50pH_6.50_4.xtc,0.0,0.0005034
6.50,pH_6.50pH_6.50_4.xtc,100.0,0.1279141
6.50,pH_6.50pH_6.50_4.xtc,200.0,0.1999058
6.50,pH_6.50pH_6.50_4.xtc,300.0,0.1633547
6.50,pH_6.50pH_6.50_4.xtc,400.0,0.1580198
6.50,pH_6.50pH_6.50_4.xtc,500.0,0.1478215
6.50,pH_6.50pH_6.50_4.xtc,600.0,0.1467177
6.50,pH_6.50pH_6.50_4.xtc,700.0,0.2055702
6.50,pH_6.50pH_6.50_4.xtc,800.0,0.1953689
6.50,pH_6.50pH_6.50_4.xtc,900.0,0.2047235
6.50,pH_6.50pH_6.50_4.xtc,1000.0,0.1648996
6.50,pH_6.50pH_6.50_5.xtc,0.0,0.1648996
6.50,pH_6.50pH_6.50_5.xtc,100.0,0.2063089
6.50,pH_6.50pH_6.50_5.xtc,200.0,0.2983427
6.50,pH_6.50pH_6.50_5.xtc,300.0,0.2483386
6.50,pH_6.50pH_6.50_5.xtc,400.0,0.2429089
6.50,pH_6.50pH_6.50_5.xtc,500.0,0.256143
6.50,pH_6.50pH_6.50_5.xtc,600.0,0.2543995
6.50,pH_6.50pH_6.50_5.xtc,700.0,0.2486545
6.50,pH_6.50pH_6.50_5.xtc,800.0,0.2018916
6.50,pH_6.50pH_6.50_5.xtc,900.0,0.2086518
6.50,pH_6.50pH_6.50_5.xtc,1000.0,0.1963507
6.50,pH_6.50pH_6.50_6.xtc,0.0,0.1963507
6.50,pH_6.50pH_6.50_6.xtc,100.0,0.2234659
6.50,pH_6.50pH_6.50_6.xtc,200.0,0.2079228
6.50,pH_6.50pH_6.50_6.xtc,300.0,0.2230453
6.50,pH_6.50pH_6.50_6.xtc,400.0,0.2405833
6.50,pH_6.50pH_6.50_6.xtc,500.0,0.192716
6.50,pH_6.50pH_6.50_6.xtc,600.0,0.2740435
6.50,pH_6.50pH_6.50_6.xtc,700.0,0.3036574
6.50,pH_6.50pH_6.50_6.xtc,800.0,0.2085939
6.50,pH_6.50pH_6.50_6.xtc,900.0,0.2098994
6.50,pH_6.50pH_6.50_6.xtc,1000.0,0.2899604
6.50,pH_6.50pH_6.50_7.xtc,0.0,0.2899604
6.50,pH_6.50pH_6.50_7.xtc,100.0,0.2750534
6.50,pH_6.50pH_6.50_7.xtc,200.0,0.2538406
6.50,pH_6.50pH_6.50_7.xtc,300.0,0.3063328
6.50,pH_6.50pH_6.50_7.xtc,400.0,0.2622054
6.50,pH_6.50pH_6.50_7.xtc,500.0,0.2960547
6.50,pH_6.50pH_6.50_7.xtc,600.0,0.2427016
6.50,pH_6.50pH_6.50_7.xtc,700.0,0.2286555
6.50,pH_6.50pH_6.50_7.xtc,800.0,0.2578461
6.50,pH_6.50pH_6.50_7.xtc,900.0,0.2313132
6.50,pH_6.50pH_6.50_7.xtc,1000.0,0.2417432
6.50,pH_6.50pH_6.50_8.xtc,0.0,0.2417432
6.50,pH_6.50pH_6.50_8.xtc,100.0,0.2725987
6.50,pH_6.50pH_6.50_8.xtc,200.0,0.2436916
6.50,pH_6.50pH_6.50_8.xtc,300.0,0.2655611
6.50,pH_6.50pH_6.50_8.xtc,400.0,0.3265269
6.50,pH_6.50pH_6.50_8.xtc,500.0,0.3238966
6.50,pH_6.50pH_6.50_8.xtc,600.0,0.2524968
6.50,pH_6.50pH_6.50_8.xtc,700.0,0.2456786
6.50,pH_6.50pH_6.50_8.xtc,800.0,0.2280522
6.50,pH_6.50pH_6.50_8.xtc,900.0,0.3188688
6.50,pH_6.50pH_6.50_8.xtc,1000.0,0.2986627
6.50,pH_6.50pH_6.50_9.xtc,0.0,0.2986627
6.50,pH_6.50pH_6.50_9.xtc,100.0,0.2488663
6.50,pH_6.50pH_6.50_9.xtc,200.0,0.3512512
6.50,pH_6.50pH_6.50_9.xtc,300.0,0.2880556
6.50,pH_6.50pH_6.50_9.xtc,400.0,0.2793507
6.50,pH_6.50pH_6.50_9.xtc,500.0,0.3054573
6.50,pH_6.50pH_6.50_9.xtc,600.0,0.2924099
6.50,pH_6.50pH_6.50_9.xtc,700.0,0.4296963
6.50,pH_6.50pH_6.50_9.xtc,800.0,0.3958931
6.50,pH_6.50pH_6.50_9.xtc,900.0,0.3426714
6.50,pH_6.50pH_6.50_9.xtc,1000.0,0.2123137
6.50,pH_6.50pH_6.50_10.xtc,0.0,0.2123137
6.50,pH_6.50pH_6.50_10.xtc,100.0,0.2197408
6.50,pH_6.50pH_6.50_10.xtc,200.0,0.2723546
6.50,pH_6.50pH_6.50_10.xtc,300.0,0.239836
6.50,pH_6.50pH_6.50_10.xtc,400.0,0.2465264
6.50,pH_6.50pH_6.50_10.xtc,500.0,0.2684098
6.50,pH_6.50pH_6.50_10.xtc,600.0,0.3523982
6.50,pH_6.50pH_6.50_10.xtc,700.0,0.2408551
6.50,pH_6.50pH_6.50_10.xtc,800.0,0.2840124
6.50,pH_6.50pH_6.50_10.xtc,900.0,0.2512179
6.50,pH_6.50pH_6.50_10.xtc,1000.0,0.2346808
6.50,pH_6.50pH_6.50_11.xtc,0.0,0.2346808
6.50,pH_6.50pH_6.50_11.xtc,100.0,0.3555807
6.50,pH_6.50pH_6.50_11.xtc,200.0,0.2184508
6.50,pH_6.50pH_6.50_11.xtc,300.0,0.2313813
6.50,pH_6.50pH_6.50_11.xtc,400.0,0.2441507
6.50,pH_6.50pH_6.50_11.xtc,500.0,0.303249
6.50,pH_6.50pH_6.50_11.xtc,600.0,0.2701356
6.50,pH_6.50pH_6.50_11.xtc,700.0,0.2134273
6.50,pH_6.50pH_6.50_11.xtc,800.0,0.2628953
6.50,pH_6.50pH_6.50_11.xtc,900.0,0.2190404
6.50,pH_6.50pH_6.50_11.xtc,1000.0,0.2968076
6.50,pH_6.50pH_6.50_12.xtc,0.0,0.2968076
6.50,pH_6.50pH_6.50_12.xtc,100.0,0.3306894
6.50,pH_6.50pH_6.50_12.xtc,200.0,0.3513607
6.50,pH_6.50pH_6.50_12.xtc,300.0,0.354599
6.50,pH_6.50pH_6.50_12.xtc,400.0,0.2604673
6.50,pH_6.50pH_6.50_12.xtc,500.0,0.2889164
6.50,pH_6.50pH_6.50_12.xtc,600.0,0.2713266
6.50,pH_6.50pH_6.50_12.xtc,700.0,0.2510254
6.50,pH_6.50pH_6.50_12.xtc,800.0,0.285715
6.50,pH_6.50pH_6.50_12.xtc,900.0,0.2335085
6.50,pH_6.50pH_6.50_12.xtc,1000.0,0.2095212
6.50,pH_6.50pH_6.50_13.xtc,0.0,0.2095212
6.50,pH_6.50pH_6.50_13.xtc,100.0,0.2020132
6.50,pH_6.50pH_6.50_13.xtc,200.0,0.2163607
6.50,pH_6.50pH_6.50_13.xtc,300.0,0.233417
6.50,pH_6.50pH_6.50_13.xtc,400.0,0.3029484
6.50,pH_6.50pH_6.50_13.xtc,500.0,0.3034749
6.50,pH_6.50pH_6.50_13.xtc,600.0,0.2423866
6.50,pH_6.50pH_6.50_13.xtc,700.0,0.2564195
6.50,pH_6.50pH_6.50_13.xtc,800.0,0.2600424
6.50,pH_6.50pH_6.50_13.xtc,900.0,0.2646114
6.50,pH_6.50pH_6.50_13.xtc,1000.0,0.1931275
6.50,pH_6.50pH_6.50_14.xtc,0.0,0.1931275
6.50,pH_6.50pH_6.50_14.xtc,100.0,0.2334167
6.50,pH_6.50pH_6.50_14.xtc,200.0,0.2720216
6.50,pH_6.50pH_6.50_14.xtc,300.0,0.3048249
6.50,pH_6.50pH_6.50_14.xtc,400.0,0.2624781
6.50,pH_6.50pH_6.50_14.xtc,500.0,0.2528434
6.50,pH_6.50pH_6.50_14.xtc,600.0,0.297074
6.50,pH_6.50pH_6.50_14.xtc,700.0,0.2760542
6.50,pH_6.50pH_6.50_14.xtc,800.0,0.3460089
6.50,pH_6.50pH_6.50_14.xtc,900.0,0.2985927
6.50,pH_6.50pH_6.50_14.xtc,1000.0,0.3976558
6.50,pH_6.50pH_6.50_15.xtc,0.0,0.3976558
6.50,pH_6.50pH_6.50_15.xtc,100.0,0.4317045
6.50,pH_6.50pH_6.50_15.xtc,200.0,0.4541995
6.50,pH_6.50pH_6.50_15.xtc,300.0,0.382521
6.50,pH_6.50pH_6.50_15.xtc,400.0,0.4703957
6.50,pH_6.50pH_6.50_15.xtc,500.0,0.3655557
6.50,pH_6.50pH_6.50_15.xtc,600.0,0.4444969
6.50,pH_6.50pH_6.50_15.xtc,700.0,0.3591107
6.50,pH_6.50pH_6.50_15.xtc,800.0,0.3375757
6.50,pH_6.50pH_6.50_15.xtc,900.0,0.3287156
6.50,pH_6.50pH_6.50_15.xtc,1000.0,0.3374707
6.50,pH_6.50pH_6.50_16.xtc,0.0,0.3374707
6.50,pH_6.50pH_6.50_16.xtc,100.0,0.3901861
6.50,pH_6.50pH_6.50_16.xtc,200.0,0.3748508
6.50,pH_6.50pH_6.50_16.xtc,300.0,0.3333418
6.50,pH_6.50pH_6.50_16.xtc,400.0,0.2967476
6.50,pH_6.50pH_6.50_16.xtc,500.0,0.3761008
6.50,pH_6.50pH_6.50_16.xtc,600.0,0.3112622
6.50,pH_6.50pH_6.50_16.xtc,700.0,0.3625332
6.50,pH_6.50pH_6.50_16.xtc,800.0,0.4009771
6.50,pH_6.50pH_6.50_16.xtc,900.0,0.379178
6.50,pH_6.50pH_6.50_16.xtc,1000.0,0.3864419
6.50,pH_6.50pH_6.50_17.xtc,0.0,0.3864419
6.50,pH_6.50pH_6.50_17.xtc,100.0,0.3480235
6.50,pH_6.50pH_6.50_17.xtc,200.0,0.3197683
6.50,pH_6.50pH_6.50_17.xtc,300.0,0.3454145
6.50,pH_6.50pH_6.50_17.xtc,400.0,0.3557786
6.50,pH_6.50pH_6.50_17.xtc,500.0,0.3572402
6.50,pH_6.50pH_6.50_17.xtc,600.0,0.3583605
6.50,pH_6.50pH_6.50_17.xtc,700.0,0.4236043
6.50,pH_6.50pH_6.50_17.xtc,800.0,0.3437926
6.50,pH_6.50pH_6.50_17.xtc,900.0,0.345975
6.50,pH_6.50pH_6.50_17.xtc,1000.0,0.4264123
6.50,pH_6.50pH_6.50_18.xtc,0.0,0.4264123
6.50,pH_6.50pH_6.50_18.xtc,100.0,0.3662486
6.50,pH_6.50pH_6.50_18.xtc,200.0,0.3921823
6.50,pH_6.50pH_6.50_18.xtc,300.0,0.4372906
6.50,pH_6.50pH_6.50_18.xtc,400.0,0.4285278
6.50,pH_6.50pH_6.50_18.xtc,500.0,0.3697848
6.50,pH_6.50pH_6.50_18.xtc,600.0,0.367939
6.50,pH_6.50pH_6.50_18.xtc,700.0,0.3231141
6.50,pH_6.50pH_6.50_18.xtc,800.0,0.3362259
6.50,pH_6.50pH_6.50_18.xtc,900.0,0.3925708
6.50,pH_6.50pH_6.50_18.xtc,1000.0,0.4608731
6.50,pH_6.50pH_6.50_19.xtc,0.0,0.4608731
6.50,pH_6.50pH_6.50_19.xtc,100.0,0.4249716
6.50,pH_6.50pH_6.50_19.xtc,200.0,0.4049816
6.50,pH_6.50pH_6.50_19.xtc,300.0,0.2857399
6.50,pH_6.50pH_6.50_19.xtc,400.0,0.4164073
6.50,pH_6.50pH_6.50_19.xtc,500.0,0.3300668
6.50,pH_6.50pH_6.50_19.xtc,600.0,0.4003928
6.50,pH_6.50pH_6.50_19.xtc,700.0,0.3877397
6.50,pH_6.50pH_6.50_19.xtc,800.0,0.3836787
6.50,pH_6.50pH_6.50_19.xtc,900.0,0.3615068
6.50,pH_6.50pH_6.50_19.xtc,1000.0,0.3475471
6.50,pH_6.50pH_6.50_20.xtc,0.0,0.3475471
6.50,pH_6.50pH_6.50_20.xtc,100.0,0.3495575
6.50,pH_6.50pH_6.50_20.xtc,200.0,0.3191097
6.50,pH_6.50pH_6.50_20.xtc,300.0,0.4057527
6.50,pH_6.50pH_6.50_20.xtc,400.0,0.3205006
6.50,pH_6.50pH_6.50_20.xtc,500.0,0.292173
6.50,pH_6.50pH_6.50_20.xtc,600.0,0.3155408
6.50,pH_6.50pH_6.50_20.xtc,700.0,0.2994001
6.50,pH_6.50pH_6.50_20.xtc,800.0,0.3164123
6.50,pH_6.50pH_6.50_20.xtc,900.0,0.3520783
6.50,pH_6.50pH_6.50_20.xtc,1000.0,0.4663884
7.00,pH_7.00pH_7.00_1.xtc,0.0,0.1985422
7.00,pH_7.00pH_7.00_1.xtc,100.0,0.2452925
7.00,pH_7.00pH_7.00_1.xtc,200.0,0.2867832
7.00,pH_7.00pH_7.00_1.xtc,300.0,0.3192464
7.00,pH_7.00pH_7.00_1.xtc,400.0,0.4042602
7.00,pH_7.00pH_7.00_1.xtc,500.0,0.4123963
7.00,pH_7.00pH_7.00_1.xtc,600.0,0.2282284
7.00,pH_7.00pH_7.00_1.xtc,700.0,0.2789415
7.00,pH_7.00pH_7.00_1.xtc,800.0,0.2742648
7.00,pH_7.00pH_7.00_1.xtc,900.0,0.2198415
7.00,pH_7.00pH_7.00_1.xtc,1000.0,0.2071037
7.00,pH_7.00pH_7.00_2.xtc,0.0,0.2071037
7.00,pH_7.00pH_7.00_2.xtc,100.0,0.2574657
7.00,pH_7.00pH_7.00_2.xtc,200.0,0.2441989
7.00,pH_7.00pH_7.00_2.xtc,300.0,0.2685211
7.00,pH_7.00pH_7.00_2.xtc,400.0,0.2527519
7.00,pH_7.00pH_7.00_2.xtc,500.0,0.2658536
7.00,pH_7.00pH_7.00_2.xtc,600.0,0.3021578
7.00,pH_7.00pH_7.00_2.xtc,700.0,0.2519408
7.00,pH_7.00pH_7.00_2.xtc,800.0,0.2141591
7.00,pH_7.00pH_7.00_2.xtc,900.0,0.2007447
7.00,pH_7.00pH_7.00_2.xtc,1000.0,0.2044153
7.00,pH_7.00pH_7.00_3.xtc,0.0,0.2044153
7.00,pH_7.00pH_7.00_3.xtc,100.0,0.1803216
7.00,pH_7.00pH_7.00_3.xtc,200.0,0.1566586
7.00,pH_7.00pH_7.00_3.xtc,300.0,0.1812305
7.00,pH_7.00pH_7.00_3.xtc,400.0,0.1796839
7.00,pH_7.00pH_7.00_3.xtc,500.0,0.162643
7.00,pH_7.00pH_7.00_3.xtc,600.0,0.1609952
7.00,pH_7.00pH_7.00_3.xtc,700.0,0.1597795
7.00,pH_7.00pH_7.00_3.xtc,800.0,0.1648924
7.00,pH_7.00pH_7.00_3.xtc,900.0,0.1427761
7.00,pH_7.00pH_7.00_3.xtc,1000.0,0.0004969
7.00,pH_7.00pH_7.00_4.xtc,0.0,0.0004969
7.00,pH_7.00pH_7.00_4.xtc,100.0,0.1476869
7.00,pH_7.00pH_7.00_4.xtc,200.0,0.1422745
7.00,pH_7.00pH_7.00_4.xtc,300.0,0.2138225
7.00,pH_7.00pH_7.00_4.xtc,400.0,0.2361734
7.00,pH_7.00pH_7.00_4.xtc,500.0,0.2411848
7.00,pH_7.00pH_7.00_4.xtc,600.0,0.2103017
7.00,pH_7.00pH_7.00_4.xtc,700.0,0.1570502
7.00,pH_7.00pH_7.00_4.xtc,800.0,0.2201253
7.00,pH_7.00pH_7.00_4.xtc,900.0,0.3008333
7.00,pH_7.00pH_7.00_4.xtc,1000.0,0.2496801
7.00,pH_7.00pH_7.00_5.xtc,0.0,0.2496801
7.00,pH_7.00pH_7.00_5.xtc,100.0,0.2729221
7.00,pH_7.00pH_7.00_5.xtc,200.0,0.2428189
7.00,pH_7.00pH_7.00_5.xtc,300.0,0.2372933
7.00,pH_7.00pH_7.00_5.xtc,400.0,0.2503611
7.00,pH_7.00pH_7.00_5.xtc,500.0,0.2323955
7.00,pH_7.00pH_7.00_5.xtc,600.0,0.2306928
7.00,pH_7.00pH_7.00_5.xtc,700.0,0.2591003
7.00,pH_7.00pH_7.00_5.xtc,800.0,0.2464071
7.00,pH_7.00pH_7.00_5.xtc,900.0,0.1892114
7.00,pH_7.00pH_7.00_5.xtc,1000.0,0.230069
7.00,pH_7.00pH_7.00_6.xtc,0.0,0.230069
7.00,pH_7.00pH_7.00_6.xtc,100.0,0.2202942
7.00,pH_7.00pH_7.00_6.xtc,200.0,0.2485701
7.00,pH_7.00pH_7.00_6.xtc,300.0,0.1747286
7.00,pH_7.00pH_7.00_6.xtc,400.0,0.1799278
7.00,pH_7.00pH_7.00_6.xtc,500.0,0.2190116
7.00,pH_7.00pH_7.00_6.xtc,600.0,0.1938122
7.00,pH_7.00pH_7.00_6.xtc,700.0,0.2266762
7.00,pH_7.00pH_7.00_6.xtc,800.0,0.236271
7.00,pH_7.00pH_7.00_6.xtc,900.0,0.2346864
7.00,pH_7.00pH_7.00_6.xtc,1000.0,0.2172585
7.00,pH_7.00pH_7.00_7.xtc,0.0,0.2172585
7.00,pH_7.00pH_7.00_7.xtc,100.0,0.2378491
7.00,pH_7.00pH_7.00_7.xtc,200.0,0.2443623
7.00,pH_7.00pH_7.00_7.xtc,300.0,0.2560103
7.00,pH_7.00pH_7.00_7.xtc,400.0,0.2620185
7.00,pH_7.00pH_7.00_7.xtc,500.0,0.2435242
7.00,pH_7.00pH_7.00_7.xtc,600.0,0.2362279
7.00,pH_7.00pH_7.00_7.xtc,700.0,0.2438343
7.00,pH_7.00pH_7.00_7.xtc,800.0,0.1790301
7.00,pH_7.00pH_7.00_7.xtc,900.0,0.179169
7.00,pH_7.00pH_7.00_7.xtc,1000.0,0.228444
7.00,pH_7.00pH_7.00_8.xtc,0.0,0.228444
7.00,pH_7.00pH_7.00_8.xtc,100.0,0.1852387
7.00,pH_7.00pH_7.00_8.xtc,200.0,0.205535
7.00,pH_7.00pH_7.00_8.xtc,300.0,0.2425225
7.00,pH_7.00pH_7.00_8.xtc,400.0,0.4125457
7.00,pH_7.00pH_7.00_8.xtc,500.0,0.379308
7.00,pH_7.00pH_7.00_8.xtc,600.0,0.3440576
7.00,pH_7.00pH_7.00_8.xtc,700.0,0.3555
7.00,pH_7.00pH_7.00_8.xtc,800.0,0.3025285
7.00,pH_7.00pH_7.00_8.xtc,900.0,0.2590454
7.00,pH_7.00pH_7.00_8.xtc,1000.0,0.2883932
7.00,pH_7.00pH_7.00_9.xtc,0.0,0.2883932
7.00,pH_7.00pH_7.00_9.xtc,100.0,0.3520782
7.00,pH_7.00pH_7.00_9.xtc,200.0,0.324105
7.00,pH_7.00pH_7.00_9.xtc,300.0,0.2703629
7.00,pH_7.00pH_7.00_9.xtc,400.0,0.2111105
7.00,pH_7.00pH_7.00_9.xtc,500.0,0.2357511
7.00,pH_7.00pH_7.00_9.xtc,600.0,0.2785934
7.00,pH_7.00pH_7.00_9.xtc,700.0,0.2017409
7.00,pH_7.00pH_7.00_9.xtc,800.0,0.193653
7.00,pH_7.00pH_7.00_9.xtc,900.0,0.2219983
7.00,pH_7.00pH_7.00_9.xtc,1000.0,0.2048789
7.00,pH_7.00pH_7.00_10.xtc,0.0,0.2048789
7.00,pH_7.00pH_7.00_10.xtc,100.0,0.230086
7.00,pH_7.00pH_7.00_10.xtc,200.0,0.2857667
7.00,pH_7.00pH_7.00_10.xtc,300.0,0.3096784
7.00,pH_7.00pH_7.00_10.xtc,400.0,0.261399
7.00,pH_7.00pH_7.00_10.xtc,500.0,0.2027106
7.00,pH_7.00pH_7.00_10.xtc,600.0,0.2063292
7.00,pH_7.00pH_7.00_10.xtc,700.0,0.2170875
7.00,pH_7.00pH_7.00_10.xtc,800.0,0.2286788
7.00,pH_7.00pH_7.00_10.xtc,900.0,0.1805086
7.00,pH_7.00pH_7.00_10.xtc,1000.0,0.1991571
7.00,pH_7.00pH_7.00_11.xtc,0.0,0.1991571
7.00,pH_7.00pH_7.00_11.xtc,100.0,0.186605
7.00,pH_7.00pH_7.00_11.xtc,200.0,0.2010002
7.00,pH_7.00pH_7.00_11.xtc,300.0,0.1788844
7.00,pH_7.00pH_7.00_11.xtc,400.0,0.2506832
7.00,pH_7.00pH_7.00_11.xtc,500.0,0.2502006
7.00,pH_7.00pH_7.00_11.xtc,600.0,0.284245
7.00,pH_7.00pH_7.00_11.xtc,700.0,0.2718431
7.00,pH_7.00pH_7.00_11.xtc,800.0,0.2102211
7.00,pH_7.00pH_7.00_11.xtc,900.0,0.2427171
7.00,pH_7.00pH_7.00_11.xtc,1000.0,0.3213221
7.00,pH_7.00pH_7.00_12.xtc,0.0,0.3213221
7.00,pH_7.00pH_7.00_12.xtc,100.0,0.2477089
7.00,pH_7.00pH_7.00_12.xtc,200.0,0.2658932
7.00,pH_7.00pH_7.00_12.xtc,300.0,0.2479897
7.00,pH_7.00pH_7.00_12.xtc,400.0,0.1837197
7.00,pH_7.00pH_7.00_12.xtc,500.0,0.2683738
7.00,pH_7.00pH_7.00_12.xtc,600.0,0.2375585
7.00,pH_7.00pH_7.00_12.xtc,700.0,0.2751515
7.00,pH_7.00pH_7.00_12.xtc,800.0,0.1951396
7.00,pH_7.00pH_7.00_12.xtc,900.0,0.2372794
7.00,pH_7.00pH_7.00_12.xtc,1000.0,0.1907679
7.00,pH_7.00pH_7.00_13.xtc,0.0,0.1907679
7.00,pH_7.00pH_7.00_13.xtc,100.0,0.209531
7.00,pH_7.00pH_7.00_13.xtc,200.0,0.184096
7.00,pH_7.00pH_7.00_13.xtc,300.0,0.2285625
7.00,pH_7.00pH_7.00_13.xtc,400.0,0.2152884
7.00,pH_7.00pH_7.00_13.xtc,500.0,0.1937492
7.00,pH_7.00pH_7.00_13.xtc,600.0,0.2319112
7.00,pH_7.00pH_7.00_13.xtc,700.0,0.2093887
7.00,pH_7.00pH_7.00_13.xtc,800.0,0.2080459
7.00,pH_7.00pH_7.00_13.xtc,900.0,0.2441371
7.00,pH_7.00pH_7.00_13.xtc,1000.0,0.2670377
7.00,pH_7.00pH_7.00_14.xtc,0.0,0.2670377
7.00,pH_7.00pH_7.00_14.xtc,100.0,0.221327
7.00,pH_7.00pH_7.00_14.xtc,200.0,0.190889
7.00,pH_7.00pH_7.00_14.xtc,300.0,0.1995571
7.00,pH_7.00pH_7.00_14.xtc,400.0,0.2291387
7.00,pH_7.00pH_7.00_14.xtc,500.0,0.2391611
7.00,pH_7.00pH_7.00_14.xtc,600.0,0.2477568
7.00,pH_7.00pH_7.00_14.xtc,700.0,0.2994822
7.00,pH_7.00pH_7.00_14.xtc,800.0,0.3724441
7.00,pH_7.00pH_7.00_14.xtc,900.0,0.291464
7.00,pH_7.00pH_7.00_14.xtc,1000.0,0.2349219
7.00,pH_7.00pH_7.00_15.xtc,0.0,0.2349219
7.00,pH_7.00pH_7.00_15.xtc,100.0,0.282048
7.00,pH_7.00pH_7.00_15.xtc,200.0,0.2629515
7.00,pH_7.00pH_7.00_15.xtc,300.0,0.2828588
7.00,pH_7.00pH_7.00_15.xtc,400.0,0.3030627
7.00,pH_7.00pH_7.00_15.xtc,500.0,0.2559602
7.00,pH_7.00pH_7.00_15.xtc,600.0,0.2886811
7.00,pH_7.00pH_7.00_15.xtc,700.0,0.2221032
7.00,pH_7.00pH_7.00_15.xtc,800.0,0.2120013
7.00,pH_7.00pH_7.00_15.xtc,900.0,0.2189449
7.00,pH_7.00pH_7.00_15.xtc,1000.0,0.1998721
7.00,pH_7.00pH_7.00_16.xtc,0.0,0.1998721
7.00,pH_7.00pH_7.00_16.xtc,100.0,0.2515725
7.00,pH_7.00pH_7.00_16.xtc,200.0,0.2124521
7.00,pH_7.00pH_7.00_16.xtc,300.0,0.2408645
7.00,pH_7.00pH_7.00_16.xtc,400.0,0.2823647
7.00,pH_7.00pH_7.00_16.xtc,500.0,0.2929318
7.00,pH_7.00pH_7.00_16.xtc,600.0,0.2247287
7.00,pH_7.00pH_7.00_16.xtc,700.0,0.2241535
7.00,pH_7.00pH_7.00_16.xtc,800.0,0.2389345
7.00,pH_7.00pH_7.00_16.xtc,900.0,0.2468086
7.00,pH_7.00pH_7.00_16.xtc,1000.0,0.2215259
7.00,pH_7.00pH_7.00_17.xtc,0.0,0.2215259
7.00,pH_7.00pH_7.00_17.xtc,100.0,0.2196064
7.00,pH_7.00pH_7.00_17.xtc,200.0,0.2388683
7.00,pH_7.00pH_7.00_17.xtc,300.0,0.195211
7.00,pH_7.00pH_7.00_17.xtc,400.0,0.2713038
7.00,pH_7.00pH_7.00_17.xtc,500.0,0.2167513
7.00,pH_7.00pH_7.00_17.xtc,600.0,0.2414953
7.00,pH_7.00pH_7.00_17.xtc,700.0,0.298399
7.00,pH_7.00pH_7.00_17.xtc,800.0,0.2541871
7.00,pH_7.00pH_7.00_17.xtc,900.0,0.2763604
7.00,pH_7.00pH_7.00_17.xtc,1000.0,0.3259287
7.00,pH_7.00pH_7.00_18.xtc,0.0,0.3259287
7.00,pH_7.00pH_7.00_18.xtc,100.0,0.288559
7.00,pH_7.00pH_7.00_18.xtc,200.0,0.2821426
7.00,pH_7.00pH_7.00_18.xtc,300.0,0.286443
7.00,pH_7.00pH_7.00_18.xtc,400.0,0.2535183
7.00,pH_7.00pH_7.00_18.xtc,500.0,0.2344305
7.00,pH_7.00pH_7.00_18.xtc,600.0,0.2286518
7.00,pH_7.00pH_7.00_18.xtc,700.0,0.2061922
7.00,pH_7.00pH_7.00_18.xtc,800.0,0.2356982
7.00,pH_7.00pH_7.00_18.xtc,900.0,0.2691224
7.00,pH_7.00pH_7.00_18.xtc,1000.0,0.2797249
7.00,pH_7.00pH_7.00_19.xtc,0.0,0.2797249
7.00,pH_7.00pH_7.00_19.xtc,100.0,0.3057118
7.00,pH_7.00pH_7.00_19.xtc,200.0,0.2661567
7.00,pH_7.00pH_7.00_19.xtc,300.0,0.2310775
7.00,pH_7.00pH_7.00_19.xtc,400.0,0.2328977
7.00,pH_7.00pH_7.00_19.xtc,500.0,0.285016
7.00,pH_7.00pH_7.00_19.xtc,600.0,0.2671959
7.00,pH_7.00pH_7.00_19.xtc,700.0,0.215234
7.00,pH_7.00pH_7.00_19.xtc,800.0,0.1997821
7.00,pH_7.00pH_7.00_19.xtc,900.0,0.1982799
7.00,pH_7.00pH_7.00_19.xtc,1000.0,0.1872229
7.00,pH_7.00pH_7.00_20.xtc,0.0,0.1872229
7.00,pH_7.00pH_7.00_20.xtc,100.0,0.1936628
7.00,pH_7.00pH_7.00_20.xtc,200.0,0.2161576
7.00,pH_7.00pH_7.00_20.xtc,300.0,0.200394
7.00,pH_7.00pH_7.00_20.xtc,400.0,0.1928418
7.00,pH_7.00pH_7.00_20.xtc,500.0,0.205191
7.00,pH_7.00pH_7.00_20.xtc,600.0,0.2009518
7.00,pH_7.00pH_7.00_20.xtc,700.0,0.2243692
7.00,pH_7.00pH_7.00_20.xtc,800.0,0.2081813
7.00,pH_7.00pH_7.00_20.xtc,900.0,0.2541035
7.00,pH_7.00pH_7.00_20.xtc,1000.0,0.2660069
7.50,pH_7.50pH_7.50_1.xtc,0.0,0.3313655
7.50,pH_7.50pH_7.50_1.xtc,100.0,0.3929803
7.50,pH_7.50pH_7.50_1.xtc,200.0,0.3971653
7.50,pH_7.50pH_7.50_1.xtc,300.0,0.308692
7.50,pH_7.50pH_7.50_1.xtc,400.0,0.2803389
7.50,pH_7.50pH_7.50_1.xtc,500.0,0.2558319
7.50,pH_7.50pH_7.50_1.xtc,600.0,0.2845406
7.50,pH_7.50pH_7.50_1.xtc,700.0,0.249807
7.50,pH_7.50pH_7.50_1.xtc,800.0,0.2460128
7.50,pH_7.50pH_7.50_1.xtc,900.0,0.2848709
7.50,pH_7.50pH_7.50_1.xtc,1000.0,0.3013131
7.50,pH_7.50pH_7.50_2.xtc,0.0,0.3013131
7.50,pH_7.50pH_7.50_2.xtc,100.0,0.2780839
7.50,pH_7.50pH_7.50_2.xtc,200.0,0.2541564
7.50,pH_7.50pH_7.50_2.xtc,300.0,0.1957986
7.50,pH_7.50pH_7.50_2.xtc,400.0,0.2116326
7.50,pH_7.50pH_7.50_2.xtc,500.0,0.2381344
7.50,pH_7.50pH_7.50_2.xtc,600.0,0.2890551
7.50,pH_7.50pH_7.50_2.xtc,700.0,0.2185455
7.50,pH_7.50pH_7.50_2.xtc,800.0,0.2180342
7.50,pH_7.50pH_7.50_2.xtc,900.0,0.2272661
7.50,pH_7.50pH_7.50_2.xtc,1000.0,0.2465199
7.50,pH_7.50pH_7.50_3.xtc,0.0,0.2465199
7.50,pH_7.50pH_7.50_3.xtc,100.0,0.1911605
7.50,pH_7.50pH_7.50_3.xtc,200.0,0.234817
7.50,pH_7.50pH_7.50_3.xtc,300.0,0.225087
7.50,pH_7.50pH_7.50_3.xtc,400.0,0.2301901
7.50,pH_7.50pH_7.50_3.xtc,500.0,0.191973
7.50,pH_7.50pH_7.50_3.xtc,600.0,0.178181
7.50,pH_7.50pH_7.50_3.xtc,700.0,0.2131836
7.50,pH_7.50pH_7.50_3.xtc,800.0,0.1950307
7.50,pH_7.50pH_7.50_3.xtc,900.0,0.1571428
7.50,pH_7.50pH_7.50_3.xtc,1000.0,0.0004968
7.50,pH_7.50pH_7.50_4.xtc,0.0,0.0004968
7.50,pH_7.50pH_7.50_4.xtc,100.0,0.1907046
7.50,pH_7.50pH_7.50_4.xtc,200.0,0.199467
7.50,pH_7.50pH_7.50_4.xtc,300.0,0.2449438
7.50,pH_7.50pH_7.50_4.xtc,400.0,0.2211694
7.50,pH_7.50pH_7.50_4.xtc,500.0,0.2274958
7.50,pH_7.50pH_7.50_4.xtc,600.0,0.1722431
7.50,pH_7.50pH_7.50_4.xtc,700.0,0.1721187
7.50,pH_7.50pH_7.50_4.xtc,800.0,0.197953
7.50,pH_7.50pH_7.50_4.xtc,900.0,0.1773046
7.50,pH_7.50pH_7.50_4.xtc,1000.0,0.1833645
7.50,pH_7.50pH_7.50_5.xtc,0.0,0.1833645
7.50,pH_7.50pH_7.50_5.xtc,100.0,0.2037613
7.50,pH_7.50pH_7.50_5.xtc,200.0,0.2612861
7.50,pH_7.50pH_7.50_5.xtc,300.0,0.2782389
7.50,pH_7.50pH_7.50_5.xtc,400.0,0.2459474
7.50,pH_7.50pH_7.50_5.xtc,500.0,0.2766764
7.50,pH_7.50pH_7.50_5.xtc,600.0,0.2583264
7.50,pH_7.50pH_7.50_5.xtc,700.0,0.1940574
7.50,pH_7.50pH_7.50_5.xtc,800.0,0.1606162
7.50,pH_7.50pH_7.50_5.xtc,900.0,0.15044
7.50,pH_7.50pH_7.50_5.xtc,1000.0,0.1867065
7.50,pH_7.50pH_7.50_6.xtc,0.0,0.1867065
7.50,pH_7.50pH_7.50_6.xtc,100.0,0.2581803
7.50,pH_7.50pH_7.50_6.xtc,200.0,0.1981872
7.50,pH_7.50pH_7.50_6.xtc,300.0,0.2117726
7.50,pH_7.50pH_7.50_6.xtc,400.0,0.1875026
7.50,pH_7.50pH_7.50_6.xtc,500.0,0.1848648
7.50,pH_7.50pH_7.50_6.xtc,600.0,0.2368832
7.50,pH_7.50pH_7.50_6.xtc,700.0,0.2836569
7.50,pH_7.50pH_7.50_6.xtc,800.0,0.180423
7.50,pH_7.50pH_7.50_6.xtc,900.0,0.1855783
7.50,pH_7.50pH_7.50_6.xtc,1000.0,0.2221588
7.50,pH_7.50pH_7.50_7.xtc,0.0,0.2221588
7.50,pH_7.50pH_7.50_7.xtc,100.0,0.1646254
7.50,pH_7.50pH_7.50_7.xtc,200.0,0.2427907
7.50,pH_7.50pH_7.50_7.xtc,300.0,0.2805141
7.50,pH_7.50pH_7.50_7.xtc,400.0,0.2379196
7.50,pH_7.50pH_7.50_7.xtc,500.0,0.3120478
7.50,pH_7.50pH_7.50_7.xtc,600.0,0.266834
7.50,pH_7.50pH_7.50_7.xtc,700.0,0.2592781
7.50,pH_7.50pH_7.50_7.xtc,800.0,0.1988747
7.50,pH_7.50pH_7.50_7.xtc,900.0,0.179742
7.50,pH_7.50pH_7.50_7.xtc,1000.0,0.2226855
7.50,pH_7.50pH_7.50_8.xtc,0.0,0.2226855
7.50,pH_7.50pH_7.50_8.xtc,100.0,0.2363856
7.50,pH_7.50pH_7.50_8.xtc,200.0,0.1941154
7.50,pH_7.50pH_7.50_8.xtc,300.0,0.1915577
7.50,pH_7.50pH_7.50_8.xtc,400.0,0.2246733
7.50,pH_7.50pH_7.50_8.xtc,500.0,0.2520844
7.50,pH_7.50pH_7.50_8.xtc,600.0,0.2129374
7.50,pH_7.50pH_7.50_8.xtc,700.0,0.3104006
7.50,pH_7.50pH_7.50_8.xtc,800.0,0.2207662
7.50,pH_7.50pH_7.50_8.xtc,900.0,0.3072225
7.50,pH_7.50pH_7.50_8.xtc,1000.0,0.2931144
7.50,pH_7.50pH_7.50_9.xtc,0.0,0.2931144
7.50,pH_7.50pH_7.50_9.xtc,100.0,0.2047194
7.50,pH_7.50pH_7.50_9.xtc,200.0,0.3097097
7.50,pH_7.50pH_7.50_9.xtc,300.0,0.4341717
7.50,pH_7.50pH_7.50_9.xtc,400.0,0.268985
7.50,pH_7.50pH_7.50_9.xtc,500.0,0.2950965
7.50,pH_7.50pH_7.50_9.xtc,600.0,0.2155056
7.50,pH_7.50pH_7.50_9.xtc,700.0,0.30204
7.50,pH_7.50pH_7.50_9.xtc,800.0,0.2745351
7.50,pH_7.50pH_7.50_9.xtc,900.0,0.4472729
7.50,pH_7.50pH_7.50_9.xtc,1000.0,0.3843987
7.50,pH_7.50pH_7.50_10.xtc,0.0,0.3843987
7.50,pH_7.50pH_7.50_10.xtc,100.0,0.3116271
7.50,pH_7.50pH_7.50_10.xtc,200.0,0.2679449
7.50,pH_7.50pH_7.50_10.xtc,300.0,0.3721575
7.50,pH_7.50pH_7.50_10.xtc,400.0,0.3414814
7.50,pH_7.50pH_7.50_10.xtc,500.0,0.3111497
7.50,pH_7.50pH_7.50_10.xtc,600.0,0.3888043
7.50,pH_7.50pH_7.50_10.xtc,700.0,0.3737415
7.50,pH_7.50pH_7.50_10.xtc,800.0,0.3398319
7.50,pH_7.50pH_7.50_10.xtc,900.0,0.3091155
7.50,pH_7.50pH_7.50_10.xtc,1000.0,0.3738262
7.50,pH_7.50pH_7.50_11.xtc,0.0,0.3738262
7.50,pH_7.50pH_7.50_11.xtc,100.0,0.3825192
7.50,pH_7.50pH_7.50_11.xtc,200.0,0.3541065
7.50,pH_7.50pH_7.50_11.xtc,300.0,0.3180836
7.50,pH_7.50pH_7.50_11.xtc,400.0,0.2496732
7.50,pH_7.50pH_7.50_11.xtc,500.0,0.3100096
7.50,pH_7.50pH_7.50_11.xtc,600.0,0.2979126
7.50,pH_7.50pH_7.50_11.xtc,700.0,0.306493
7.50,pH_7.50pH_7.50_11.xtc,800.0,0.2768797
7.50,pH_7.50pH_7.50_11.xtc,900.0,0.2498023
7.50,pH_7.50pH_7.50_11.xtc,1000.0,0.3460501
7.50,pH_7.50pH_7.50_12.xtc,0.0,0.3460501
7.50,pH_7.50pH_7.50_12.xtc,100.0,0.290528
7.50,pH_7.50pH_7.50_12.xtc,200.0,0.3199553
7.50,pH_7.50pH_7.50_12.xtc,300.0,0.3396884
7.50,pH_7.50pH_7.50_12.xtc,400.0,0.307917
7.50,pH_7.50pH_7.50_12.xtc,500.0,0.2250438
7.50,pH_7.50pH_7.50_12.xtc,600.0,0.2402291
7.50,pH_7.50pH_7.50_12.xtc,700.0,0.2707067
7.50,pH_7.50pH_7.50_12.xtc,800.0,0.2510974
7.50,pH_7.50pH_7.50_12.xtc,900.0,0.2659715
7.50,pH_7.50pH_7.50_12.xtc,1000.0,0.3164469
7.50,pH_7.50pH_7.50_13.xtc,0.0,0.3164469
7.50,pH_7.50pH_7.50_13.xtc,100.0,0.233071
7.50,pH_7.50pH_7.50_13.xtc,200.0,0.2829866
7.50,pH_7.50pH_7.50_13.xtc,300.0,0.2467891
7.50,pH_7.50pH_7.50_13.xtc,400.0,0.2709797
7.50,pH_7.50pH_7.50_13.xtc,500.0,0.2740288
7.50,pH_7.50pH_7.50_13.xtc,600.0,0.2507517
7.50,pH_7.50pH_7.50_13.xtc,700.0,0.2919231
7.50,pH_7.50pH_7.50_13.xtc,800.0,0.2763169
7.50,pH_7.50pH_7.50_13.xtc,900.0,0.2660111
7.50,pH_7.50pH_7.50_13.xtc,1000.0,0.307387
7.50,pH_7.50pH_7.50_14.xtc,0.0,0.307387
7.50,pH_7.50pH_7.50_14.xtc,100.0,0.346059
7.50,pH_7.50pH_7.50_14.xtc,200.0,0.2464056
7.50,pH_7.50pH_7.50_14.xtc,300.0,0.3286537
7.50,pH_7.50pH_7.50_14.xtc,400.0,0.3702648
7.50,pH_7.50pH_7.50_14.xtc,500.0,0.3310089
7.50,pH_7.50pH_7.50_14.xtc,600.0,0.2900145
7.50,pH_7.50pH_7.50_14.xtc,700.0,0.2719417
7.50,pH_7.50pH_7.50_14.xtc,800.0,0.3086404
7.50,pH_7.50pH_7.50_14.xtc,900.0,0.2906833
7.50,pH_7.50pH_7.50_14.xtc,1000.0,0.3192707
7.50,pH_7.50pH_7.50_15.xtc,0.0,0.3192707
7.50,pH_7.50pH_7.50_15.xtc,100.0,0.3185811
7.50,pH_7.50pH_7.50_15.xtc,200.0,0.3695448
7.50,pH_7.50pH_7.50_15.xtc,300.0,0.2909181
7.50,pH_7.50pH_7.50_15.xtc,400.0,0.3174675
7.50,pH_7.50pH_7.50_15.xtc,500.0,0.3221297
7.50,pH_7.50pH_7.50_15.xtc,600.0,0.2842727
7.50,pH_7.50pH_7.50_15.xtc,700.0,0.3288355
7.50,pH_7.50pH_7.50_15.xtc,800.0,0.2844239
7.50,pH_7.50pH_7.50_15.xtc,900.0,0.3478419
7.50,pH_7.50pH_7.50_15.xtc,1000.0,0.2892444
7.50,pH_7.50pH_7.50_16.xtc,0.0,0.2892444
7.50,pH_7.50pH_7.50_16.xtc,100.0,0.2401821
7.50,pH_7.50pH_7.50_16.xtc,200.0,0.2801747
7.50,pH_7.50pH_7.50_16.xtc,300.0,0.2409828
7.50,pH_7.50pH_7.50_16.xtc,400.0,0.2583197
7.50,pH_7.50pH_7.50_16.xtc,500.0,0.3411319
7.50,pH_7.50pH_7.50_16.xtc,600.0,0.2717763
7.50,pH_7.50pH_7.50_16.xtc,700.0,0.317416
7.50,pH_7.50pH_7.50_16.xtc,800.0,0.3008269
7.50,pH_7.50pH_7.50_16.xtc,900.0,0.3076907
7.50,pH_7.50pH_7.50_16.xtc,1000.0,0.2374129
7.50,pH_7.50pH_7.50_17.xtc,0.0,0.2374129
7.50,pH_7.50pH_7.50_17.xtc,100.0,0.2674235
7.50,pH_7.50pH_7.50_17.xtc,200.0,0.2503197
7.50,pH_7.50pH_7.50_17.xtc,300.0,0.2824897
7.50,pH_7.50pH_7.50_17.xtc,400.0,0.3129779
7.50,pH_7.50pH_7.50_17.xtc,500.0,0.3193621
7.50,pH_7.50pH_7.50_17.xtc,600.0,0.279092
7.50,pH_7.50pH_7.50_17.xtc,700.0,0.2925097
7.50,pH_7.50pH_7.50_17.xtc,800.0,0.3384366
7.50,pH_7.50pH_7.50_17.xtc,900.0,0.278554
7.50,pH_7.50pH_7.50_17.xtc,1000.0,0.3256814
7.50,pH_7.50pH_7.50_18.xtc,0.0,0.3256814
7.50,pH_7.50pH_7.50_18.xtc,100.0,0.3940519
7.50,pH_7.50pH_7.50_18.xtc,200.0,0.357073
7.50,pH_7.50pH_7.50_18.xtc,300.0,0.3808965
7.50,pH_7.50pH_7.50_18.xtc,400.0,0.3988772
7.50,pH_7.50pH_7.50_18.xtc,500.0,0.3803906
7.50,pH_7.50pH_7.50_18.xtc,600.0,0.2856
7.50,pH_7.50pH_7.50_18.xtc,700.0,0.3709919
7.50,pH_7.50pH_7.50_18.xtc,800.0,0.3775364
7.50,pH_7.50pH_7.50_18.xtc,900.0,0.3174597
7.50,pH_7.50pH_7.50_18.xtc,1000.0,0.3005036
7.50,pH_7.50pH_7.50_19.xtc,0.0,0.3005036
7.50,pH_7.50pH_7.50_19.xtc,100.0,0.3275242
7.50,pH_7.50pH_7.50_19.xtc,200.0,0.2258501
7.50,pH_7.50pH_7.50_19.xtc,300.0,0.3079287
7.50,pH_7.50pH_7.50_19.xtc,400.0,0.3178997
7.50,pH_7.50pH_7.50_19.xtc,500.0,0.3155728
7.50,pH_7.50pH_7.50_19.xtc,600.0,0.2925024
7.50,pH_7.50pH_7.50_19.xtc,700.0,0.3448519
7.50,pH_7.50pH_7.50_19.xtc,800.0,0.3392489
7.50,pH_7.50pH_7.50_19.xtc,900.0,0.3036287
7.50,pH_7.50pH_7.50_19.xtc,1000.0,0.3299443
7.50,pH_7.50pH_7.50_20.xtc,0.0,0.3299443
7.50,pH_7.50pH_7.50_20.xtc,100.0,0.3578342
7.50,pH_7.50pH_7.50_20.xtc,200.0,0.3448723
7.50,pH_7.50pH_7.50_20.xtc,300.0,0.3361564
7.50,pH_7.50pH_7.50_20.xtc,400.0,0.3238474
7.50,pH_7.50pH_7.50_20.xtc,500.0,0.3819906
7.50,pH_7.50pH_7.50_20.xtc,600.0,0.3098521
7.50,pH_7.50pH_7.50_20.xtc,700.0,0.2881518
7.50,pH_7.50pH_7.50_20.xtc,800.0,0.2718478
7.50,pH_7.50pH_7.50_20.xtc,900.0,0.3669187
7.50,pH_7.50pH_7.50_20.xtc,1000.0,0.328739
8.00,pH_8.00pH_8.00_1.xtc,0.0,0.210066
8.00,pH_8.00pH_8.00_1.xtc,100.0,0.2576985
8.00,pH_8.00pH_8.00_1.xtc,200.0,0.2031853
8.00,pH_8.00pH_8.00_1.xtc,300.0,0.2223
8.00,pH_8.00pH_8.00_1.xtc,400.0,0.2734033
8.00,pH_8.00pH_8.00_1.xtc,500.0,0.2471217
8.00,pH_8.00pH_8.00_1.xtc,600.0,0.2652443
8.00,pH_8.00pH_8.00_1.xtc,700.0,0.2768717
8.00,pH_8.00pH_8.00_1.xtc,800.0,0.1944889
8.00,pH_8.00pH_8.00_1.xtc,900.0,0.2116906
8.00,pH_8.00pH_8.00_1.xtc,1000.0,0.2417311
8.00,pH_8.00pH_8.00_2.xtc,0.0,0.2417311
8.00,pH_8.00pH_8.00_2.xtc,100.0,0.2324464
8.00,pH_8.00pH_8.00_2.xtc,200.0,0.2183628
8.00,pH_8.00pH_8.00_2.xtc,300.0,0.2301794
8.00,pH_8.00pH_8.00_2.xtc,400.0,0.227029
8.00,pH_8.00pH_8.00_2.xtc,500.0,0.2655401
8.00,pH_8.00pH_8.00_2.xtc,600.0,0.2440443
8.00,pH_8.00pH_8.00_2.xtc,700.0,0.3225119
8.00,pH_8.00pH_8.00_2.xtc,800.0,0.2170138
8.00,pH_8.00pH_8.00_2.xtc,900.0,0.253586
8.00,pH_8.00pH_8.00_2.xtc,1000.0,0.2399321
8.00,pH_8.00pH_8.00_3.xtc,0.0,0.2399321
8.00,pH_8.00pH_8.00_3.xtc,100.0,0.237874
8.00,pH_8.00pH_8.00_3.xtc,200.0,0.2303043
8.00,pH_8.00pH_8.00_3.xtc,300.0,0.2593828
8.00,pH_8.00pH_8.00_3.xtc,400.0,0.2192674
8.00,pH_8.00pH_8.00_3.xtc,500.0,0.2241138
8.00,pH_8.00pH_8.00_3.xtc,600.0,0.1883443
8.00,pH_8.00pH_8.00_3.xtc,700.0,0.2028168
8.00,pH_8.00pH_8.00_3.xtc,800.0,0.1801633
8.00,pH_8.00pH_8.00_3.xtc,900.0,0.2473222
8.00,pH_8.00pH_8.00_3.xtc,1000.0,0.0004985
8.00,pH_8.00pH_8.00_4.xtc,0.0,0.0004985
8.00,pH_8.00pH_8.00_4.xtc,100.0,0.1198474
8.00,pH_8.00pH_8.00_4.xtc,200.0,0.1606375
8.00,pH_8.00pH_8.00_4.xtc,300.0,0.1724885
8.00,pH_8.00pH_8.00_4.xtc,400.0,0.1403085
8.00,pH_8.00pH_8.00_4.xtc,500.0,0.1793554
8.00,pH_8.00pH_8.00_4.xtc,600.0,0.1647485
8.00,pH_8.00pH_8.00_4.xtc,700.0,0.2122301
8.00,pH_8.00pH_8.00_4.xtc,800.0,0.2180265
8.00,pH_8.00pH_8.00_4.xtc,900.0,0.2496321
8.00,pH_8.00pH_8.00_4.xtc,1000.0,0.1725856
8.00,pH_8.00pH_8.00_5.xtc,0.0,0.1725856
8.00,pH_8.00pH_8.00_5.xtc,100.0,0.2778279
8.00,pH_8.00pH_8.00_5.xtc,200.0,0.2720619
8.00,pH_8.00pH_8.00_5.xtc,300.0,0.2484715
8.00,pH_8.00pH_8.00_5.xtc,400.0,0.282887
8.00,pH_8.00pH_8.00_5.xtc,500.0,0.245983
8.00,pH_8.00pH_8.00_5.xtc,600.0,0.181965
8.00,pH_8.00pH_8.00_5.xtc,700.0,0.2572705
8.00,pH_8.00pH_8.00_5.xtc,800.0,0.224152
8.00,pH_8.00pH_8.00_5.xtc,900.0,0.2285215
8.00,pH_8.00pH_8.00_5.xtc,1000.0,0.1967543
8.00,pH_8.00pH_8.00_6.xtc,0.0,0.1967543
8.00,pH_8.00pH_8.00_6.xtc,100.0,0.1771449
8.00,pH_8.00pH_8.00_6.xtc,200.0,0.2150868
8.00,pH_8.00pH_8.00_6.xtc,300.0,0.2258746
8.00,pH_8.00pH_8.00_6.xtc,400.0,0.1752644
8.00,pH_8.00pH_8.00_6.xtc,500.0,0.1819096
8.00,pH_8.00pH_8.00_6.xtc,600.0,0.1809028
8.00,pH_8.00pH_8.00_6.xtc,700.0,0.1803573
8.00,pH_8.00pH_8.00_6.xtc,800.0,0.1840804
8.00,pH_8.00pH_8.00_6.xtc,900.0,0.208157
8.00,pH_8.00pH_8.00_6.xtc,1000.0,0.1798404
8.00,pH_8.00pH_8.00_7.xtc,0.0,0.1798404
8.00,pH_8.00pH_8.00_7.xtc,100.0,0.166556
8.00,pH_8.00pH_8.00_7.xtc,200.0,0.2158343
8.00,pH_8.00pH_8.00_7.xtc,300.0,0.2109271
8.00,pH_8.00pH_8.00_7.xtc,400.0,0.2271553
8.00,pH_8.00pH_8.00_7.xtc,500.0,0.1890134
8.00,pH_8.00pH_8.00_7.xtc,600.0,0.233973
8.00,pH_8.00pH_8.00_7.xtc,700.0,0.2076784
8.00,pH_8.00pH_8.00_7.xtc,800.0,0.2243143
8.00,pH_8.00pH_8.00_7.xtc,900.0,0.1716979
8.00,pH_8.00pH_8.00_7.xtc,1000.0,0.1761248
8.00,pH_8.00pH_8.00_8.xtc,0.0,0.1761248
8.00,pH_8.00pH_8.00_8.xtc,100.0,0.1961506
8.00,pH_8.00pH_8.00_8.xtc,200.0,0.2117814
8.00,pH_8.00pH_8.00_8.xtc,300.0,0.1995553
8.00,pH_8.00pH_8.00_8.xtc,400.0,0.1751781
8.00,pH_8.00pH_8.00_8.xtc,500.0,0.2003445
8.00,pH_8.00pH_8.00_8.xtc,600.0,0.1841867
8.00,pH_8.00pH_8.00_8.xtc,700.0,0.2097364
8.00,pH_8.00pH_8.00_8.xtc,800.0,0.2207946
8.00,pH_8.00pH_8.00_8.xtc,900.0,0.1930248
8.00,pH_8.00pH_8.00_8.xtc,1000.0,0.2608924
8.00,pH_8.00pH_8.00_9.xtc,0.0,0.2608924
8.00,pH_8.00pH_8.00_9.xtc,100.0,0.290728
8.00,pH_8.00pH_8.00_9.xtc,200.0,0.257304
8.00,pH_8.00pH_8.00_9.xtc,300.0,0.3154714
8.00,pH_8.00pH_8.00_9.xtc,400.0,0.2664102
8.00,pH_8.00pH_8.00_9.xtc,500.0,0.2726505
8.00,pH_8.00pH_8.00_9.xtc,600.0,0.2126778
8.00,pH_8.00pH_8.00_9.xtc,700.0,0.2259787
8.00,pH_8.00pH_8.00_9.xtc,800.0,0.2984661
8.00,pH_8.00pH_8.00_9.xtc,900.0,0.2023481
8.00,pH_8.00pH_8.00_9.xtc,1000.0,0.1816805
8.00,pH_8.00pH_8.00_10.xtc,0.0,0.1816805
8.00,pH_8.00pH_8.00_10.xtc,100.0,0.1832794
8.00,pH_8.00pH_8.00_10.xtc,200.0,0.1885698
8.00,pH_8.00pH_8.00_10.xtc,300.0,0.1991481
8.00,pH_8.00pH_8.00_10.xtc,400.0,0.187958
8.00,pH_8.00pH_8.00_10.xtc,500.0,0.2157057
8.00,pH_8.00pH_8.00_10.xtc,600.0,0.2368101
8.00,pH_8.00pH_8.00_10.xtc,700.0,0.2059821
8.00,pH_8.00pH_8.00_10.xtc,800.0,0.1874409
8.00,pH_8.00pH_8.00_10.xtc,900.0,0.2724676
8.00,pH_8.00pH_8.00_10.xtc,1000.0,0.218291
8.00,pH_8.00pH_8.00_11.xtc,0.0,0.218291
8.00,pH_8.00pH_8.00_11.xtc,100.0,0.2121741
8.00,pH_8.00pH_8.00_11.xtc,200.0,0.2112136
8.00,pH_8.00pH_8.00_11.xtc,300.0,0.2358122
8.00,pH_8.00pH_8.00_11.xtc,400.0,0.2193075
8.00,pH_8.00pH_8.00_11.xtc,500.0,0.2514156
8.00,pH_8.00pH_8.00_11.xtc,600.0,0.2517339
8.00,pH_8.00pH_8.00_11.xtc,700.0,0.2414366
8.00,pH_8.00pH_8.00_11.xtc,800.0,0.2185208
8.00,pH_8.00pH_8.00_11.xtc,900.0,0.2323148
8.00,pH_8.00pH_8.00_11.xtc,1000.0,0.2159633
8.00,pH_8.00pH_8.00_12.xtc,0.0,0.2159633
8.00,pH_8.00pH_8.00_12.xtc,100.0,0.2382768
8.00,pH_8.00pH_8.00_12.xtc,200.0,0.2350758
8.00,pH_8.00pH_8.00_12.xtc,300.0,0.2424711
8.00,pH_8.00pH_8.00_12.xtc,400.0,0.2340004
8.00,pH_8.00pH_8.00_12.xtc,500.0,0.2330568
8.00,pH_8.00pH_8.00_12.xtc,600.0,0.2786108
8.00,pH_8.00pH_8.00_12.xtc,700.0,0.2528378
8.00,pH_8.00pH_8.00_12.xtc,800.0,0.2491188
8.00,pH_8.00pH_8.00_12.xtc,900.0,0.2719541
8.00,pH_8.00pH_8.00_12.xtc,1000.0,0.2612392
8.00,pH_8.00pH_8.00_13.xtc,0.0,0.2612392
8.00,pH_8.00pH_8.00_13.xtc,100.0,0.2117981
8.00,pH_8.00pH_8.00_13.xtc,200.0,0.2076475
8.00,pH_8.00pH_8.00_13.xtc,300.0,0.2506176
8.00,pH_8.00pH_8.00_13.xtc,400.0,0.2198643
8.00,pH_8.00pH_8.00_13.xtc,500.0,0.262298
8.00,pH_8.00pH_8.00_13.xtc,600.0,0.2232116
8.00,pH_8.00pH_8.00_13.xtc,700.0,0.2139196
8.00,pH_8.00pH_8.00_13.xtc,800.0,0.2058356
8.00,pH_8.00pH_8.00_13.xtc,900.0,0.2706628
8.00,pH_8.00pH_8.00_13.xtc,1000.0,0.2312539
8.00,pH_8.00pH_8.00_14.xtc,0.0,0.2312539
8.00,pH_8.00pH_8.00_14.xtc,100.0,0.242942
8.00,pH_8.00pH_8.00_14.xtc,200.0,0.2561085
8.00,pH_8.00pH_8.00_14.xtc,300.0,0.2886018
8.00,pH_8.00pH_8.00_14.xtc,400.0,0.243921
8.00,pH_8.00pH_8.00_14.xtc,500.0,0.2117633
8.00,pH_8.00pH_8.00_14.xtc,600.0,0.2355867
8.00,pH_8.00pH_8.00_14.xtc,700.0,0.3550562
8.00,pH_8.00pH_8.00_14.xtc,800.0,0.2772811
8.00,pH_8.00pH_8.00_14.xtc,900.0,0.2387359
8.00,pH_8.00pH_8.00_14.xtc,1000.0,0.2879259
8.00,pH_8.00pH_8.00_15.xtc,0.0,0.2879259
8.00,pH_8.00pH_8.00_15.xtc,100.0,0.3045064
8.00,pH_8.00pH_8.00_15.xtc,200.0,0.2529266
8.00,pH_8.00pH_8.00_15.xtc,300.0,0.2537453
8.00,pH_8.00pH_8.00_15.xtc,400.0,0.2871142
8.00,pH_8.00pH_8.00_15.xtc,500.0,0.2554566
8.00,pH_8.00pH_8.00_15.xtc,600.0,0.3102452
8.00,pH_8.00pH_8.00_15.xtc,700.0,0.3141237
8.00,pH_8.00pH_8.00_15.xtc,800.0,0.2738051
8.00,pH_8.00pH_8.00_15.xtc,900.0,0.2845657
8.00,pH_8.00pH_8.00_15.xtc,1000.0,0.2217548
8.00,pH_8.00pH_8.00_16.xtc,0.0,0.2217548
8.00,pH_8.00pH_8.00_16.xtc,100.0,0.2499592
8.00,pH_8.00pH_8.00_16.xtc,200.0,0.2723323
8.00,pH_8.00pH_8.00_16.xtc,300.0,0.2508618
8.00,pH_8.00pH_8.00_16.xtc,400.0,0.2553574
8.00,pH_8.00pH_8.00_16.xtc,500.0,0.2229742
8.00,pH_8.00pH_8.00_16.xtc,600.0,0.2362442
8.00,pH_8.00pH_8.00_16.xtc,700.0,0.2542911
8.00,pH_8.00pH_8.00_16.xtc,800.0,0.2513774
8.00,pH_8.00pH_8.00_16.xtc,900.0,0.2487947
8.00,pH_8.00pH_8.00_16.xtc,1000.0,0.2962747
8.00,pH_8.00pH_8.00_17.xtc,0.0,0.2962747
8.00,pH_8.00pH_8.00_17.xtc,100.0,0.2204458
8.00,pH_8.00pH_8.00_17.xtc,200.0,0.2226942
8.00,pH_8.00pH_8.00_17.xtc,300.0,0.2043507
8.00,pH_8.00pH_8.00_17.xtc,400.0,0.2295739
8.00,pH_8.00pH_8.00_17.xtc,500.0,0.2620312
8.00,pH_8.00pH_8.00_17.xtc,600.0,0.222657
8.00,pH_8.00pH_8.00_17.xtc,700.0,0.2086703
8.00,pH_8.00pH_8.00_17.xtc,800.0,0.2829822
8.00,pH_8.00pH_8.00_17.xtc,900.0,0.2588785
8.00,pH_8.00pH_8.00_17.xtc,1000.0,0.2757514
8.00,pH_8.00pH_8.00_18.xtc,0.0,0.2757514
8.00,pH_8.00pH_8.00_18.xtc,100.0,0.2295518
8.00,pH_8.00pH_8.00_18.xtc,200.0,0.2005192
8.00,pH_8.00pH_8.00_18.xtc,300.0,0.2519006
8.00,pH_8.00pH_8.00_18.xtc,400.0,0.2312683
8.00,pH_8.00pH_8.00_18.xtc,500.0,0.2511372
8.00,pH_8.00pH_8.00_18.xtc,600.0,0.2117503
8.00,pH_8.00pH_8.00_18.xtc,700.0,0.2823541
8.00,pH_8.00pH_8.00_18.xtc,800.0,0.2103367
8.00,pH_8.00pH_8.00_18.xtc,900.0,0.2547986
8.00,pH_8.00pH_8.00_18.xtc,1000.0,0.2056781
8.00,pH_8.00pH_8.00_19.xtc,0.0,0.2056781
8.00,pH_8.00pH_8.00_19.xtc,100.0,0.239025
8.00,pH_8.00pH_8.00_19.xtc,200.0,0.2269649
8.00,pH_8.00pH_8.00_19.xtc,300.0,0.2027911
8.00,pH_8.00pH_8.00_19.xtc,400.0,0.1891962
8.00,pH_8.00pH_8.00_19.xtc,500.0,0.2855351
8.00,pH_8.00pH_8.00_19.xtc,600.0,0.2104269
8.00,pH_8.00pH_8.00_19.xtc,700.0,0.2768483
8.00,pH_8.00pH_8.00_19.xtc,800.0,0.2793246
8.00,pH_8.00pH_8.00_19.xtc,900.0,0.1969827
8.00,pH_8.00pH_8.00_19.xtc,1000.0,0.2419952
8.00,pH_8.00pH_8.00_20.xtc,0.0,0.2419952
8.00,pH_8.00pH_8.00_20.xtc,100.0,0.3057644
8.00,pH_8.00pH_8.00_20.xtc,200.0,0.2705392
8.00,pH_8.00pH_8.00_20.xtc,300.0,0.2976822
8.00,pH_8.00pH_8.00_20.xtc,400.0,0.280331
8.00,pH_8.00pH_8.00_20.xtc,500.0,0.3137886
8.00,pH_8.00pH_8.00_20.xtc,600.0,0.260242
8.00,pH_8.00pH_8.00_20.xtc,700.0,0.3235005
8.00,pH_8.00pH_8.00_20.xtc,800.0,0.3140777
8.00,pH_8.00pH_8.00_20.xtc,900.0,0.283404
8.00,pH_8.00pH_8.00_20.xtc,1000.0,0.2582629
8.50,pH_8.50pH_8.50_1.xtc,0.0,0.2187883
8.50,pH_8.50pH_8.50_1.xtc,100.0,0.1948364
8.50,pH_8.50pH_8.50_1.xtc,200.0,0.1843629
8.50,pH_8.50pH_8.50_1.xtc,300.0,0.1994998
8.50,pH_8.50pH_8.50_1.xtc,400.0,0.2039943
8.50,pH_8.50pH_8.50_1.xtc,500.0,0.194529
8.50,pH_8.50pH_8.50_1.xtc,600.0,0.2135238
8.50,pH_8.50pH_8.50_1.xtc,700.0,0.1775386
8.50,pH_8.50pH_8.50_1.xtc,800.0,0.1674834
8.50,pH_8.50pH_8.50_1.xtc,900.0,0.1695929
8.50,pH_8.50pH_8.50_1.xtc,1000.0,0.1807629
8.50,pH_8.50pH_8.50_2.xtc,0.0,0.1807629
8.50,pH_8.50pH_8.50_2.xtc,100.0,0.1930953
8.50,pH_8.50pH_8.50_2.xtc,200.0,0.1782348
8.50,pH_8.50pH_8.50_2.xtc,300.0,0.2129833
8.50,pH_8.50pH_8.50_2.xtc,400.0,0.2871082
8.50,pH_8.50pH_8.50_2.xtc,500.0,0.2282687
8.50,pH_8.50pH_8.50_2.xtc,600.0,0.1943616
8.50,pH_8.50pH_8.50_2.xtc,700.0,0.1875093
8.50,pH_8.50pH_8.50_2.xtc,800.0,0.1690671
8.50,pH_8.50pH_8.50_2.xtc,900.0,0.1818852
8.50,pH_8.50pH_8.50_2.xtc,1000.0,0.19538
8.50,pH_8.50pH_8.50_3.xtc,0.0,0.19538
8.50,pH_8.50pH_8.50_3.xtc,100.0,0.1632515
8.50,pH_8.50pH_8.50_3.xtc,200.0,0.1926657
8.50,pH_8.50pH_8.50_3.xtc,300.0,0.2622968
8.50,pH_8.50pH_8.50_3.xtc,400.0,0.1507406
8.50,pH_8.50pH_8.50_3.xtc,500.0,0.1644713
8.50,pH_8.50pH_8.50_3.xtc,600.0,0.2323661
8.50,pH_8.50pH_8.50_3.xtc,700.0,0.2197959
8.50,pH_8.50pH_8.50_3.xtc,800.0,0.1696543
8.50,pH_8.50pH_8.50_3.xtc,900.0,0.1227408
8.50,pH_8.50pH_8.50_3.xtc,1000.0,0.0004981
8.50,pH_8.50pH_8.50_4.xtc,0.0,0.0004981
8.50,pH_8.50pH_8.50_4.xtc,100.0,0.1489916
8.50,pH_8.50pH_8.50_4.xtc,200.0,0.1411705
8.50,pH_8.50pH_8.50_4.xtc,300.0,0.2102537
8.50,pH_8.50pH_8.50_4.xtc,400.0,0.2462732
8.50,pH_8.50pH_8.50_4.xtc,500.0,0.3104516
8.50,pH_8.50pH_8.50_4.xtc,600.0,0.3186592
8.50,pH_8.50pH_8.50_4.xtc,700.0,0.2635455
8.50,pH_8.50pH_8.50_4.xtc,800.0,0.1749254
8.50,pH_8.50pH_8.50_4.xtc,900.0,0.2431686
8.50,pH_8.50pH_8.50_4.xtc,1000.0,0.1527479
8.50,pH_8.50pH_8.50_5.xtc,0.0,0.1527479
8.50,pH_8.50pH_8.50_5.xtc,100.0,0.2693067
8.50,pH_8.50pH_8.50_5.xtc,200.0,0.2031876
8.50,pH_8.50pH_8.50_5.xtc,300.0,0.247914
8.50,pH_8.50pH_8.50_5.xtc,400.0,0.2743004
8.50,pH_8.50pH_8.50_5.xtc,500.0,0.3263533
8.50,pH_8.50pH_8.50_5.xtc,600.0,0.3180534
8.50,pH_8.50pH_8.50_5.xtc,700.0,0.3400081
8.50,pH_8.50pH_8.50_5.xtc,800.0,0.3191025
8.50,pH_8.50pH_8.50_5.xtc,900.0,0.401105
8.50,pH_8.50pH_8.50_5.xtc,1000.0,0.4091446
8.50,pH_8.50pH_8.50_6.xtc,0.0,0.4091446
8.50,pH_8.50pH_8.50_6.xtc,100.0,0.3842211
8.50,pH_8.50pH_8.50_6.xtc,200.0,0.4289864
8.50,pH_8.50pH_8.50_6.xtc,300.0,0.4077052
8.50,pH_8.50pH_8.50_6.xtc,400.0,0.3564135
8.50,pH_8.50pH_8.50_6.xtc,500.0,0.4265719
8.50,pH_8.50pH_8.50_6.xtc,600.0,0.4378253
8.50,pH_8.50pH_8.50_6.xtc,700.0,0.3982283
8.50,pH_8.50pH_8.50_6.xtc,800.0,0.3515428
8.50,pH_8.50pH_8.50_6.xtc,900.0,0.3753619
8.50,pH_8.50pH_8.50_6.xtc,1000.0,0.3297692
8.50,pH_8.50pH_8.50_7.xtc,0.0,0.3297692
8.50,pH_8.50pH_8.50_7.xtc,100.0,0.3323257
8.50,pH_8.50pH_8.50_7.xtc,200.0,0.2606527
8.50,pH_8.50pH_8.50_7.xtc,300.0,0.3031816
8.50,pH_8.50pH_8.50_7.xtc,400.0,0.282575
8.50,pH_8.50pH_8.50_7.xtc,500.0,0.3183773
8.50,pH_8.50pH_8.50_7.xtc,600.0,0.1989705
8.50,pH_8.50pH_8.50_7.xtc,700.0,0.23019
8.50,pH_8.50pH_8.50_7.xtc,800.0,0.2926759
8.50,pH_8.50pH_8.50_7.xtc,900.0,0.2800323
8.50,pH_8.50pH_8.50_7.xtc,1000.0,0.217754
8.50,pH_8.50pH_8.50_8.xtc,0.0,0.217754
8.50,pH_8.50pH_8.50_8.xtc,100.0,0.2533192
8.50,pH_8.50pH_8.50_8.xtc,200.0,0.2989941
8.50,pH_8.50pH_8.50_8.xtc,300.0,0.3128274
8.50,pH_8.50pH_8.50_8.xtc,400.0,0.2857501
8.50,pH_8.50pH_8.50_8.xtc,500.0,0.2566434
8.50,pH_8.50pH_8.50_8.xtc,600.0,0.1980256
8.50,pH_8.50pH_8.50_8.xtc,700.0,0.210684
8.50,pH_8.50pH_8.50_8.xtc,800.0,0.2135529
8.50,pH_8.50pH_8.50_8.xtc,900.0,0.2237141
8.50,pH_8.50pH_8.50_8.xtc,1000.0,0.2901612
8.50,pH_8.50pH_8.50_9.xtc,0.0,0.2901612
8.50,pH_8.50pH_8.50_9.xtc,100.0,0.2080309
8.50,pH_8.50pH_8.50_9.xtc,200.0,0.2126092
8.50,pH_8.50pH_8.50_9.xtc,300.0,0.1864132
8.50,pH_8.50pH_8.50_9.xtc,400.0,0.1759261
8.50,pH_8.50pH_8.50_9.xtc,500.0,0.219174
8.50,pH_8.50pH_8.50_9.xtc,600.0,0.243103
8.50,pH_8.50pH_8.50_9.xtc,700.0,0.2345337
8.50,pH_8.50pH_8.50_9.xtc,800.0,0.2239602
8.50,pH_8.50pH_8.50_9.xtc,900.0,0.210371
8.50,pH_8.50pH_8.50_9.xtc,1000.0,0.1975383
8.50,pH_8.50pH_8.50_10.xtc,0.0,0.1975383
8.50,pH_8.50pH_8.50_10.xtc,100.0,0.2339831
8.50,pH_8.50pH_8.50_10.xtc,200.0,0.2174239
8.50,pH_8.50pH_8.50_10.xtc,300.0,0.2296989
8.50,pH_8.50pH_8.50_10.xtc,400.0,0.2478986
8.50,pH_8.50pH_8.50_10.xtc,500.0,0.2462664
8.50,pH_8.50pH_8.50_10.xtc,600.0,0.206599
8.50,pH_8.50pH_8.50_10.xtc,700.0,0.2004773
8.50,pH_8.50pH_8.50_10.xtc,800.0,0.2137479
8.50,pH_8.50pH_8.50_10.xtc,900.0,0.2168147
8.50,pH_8.50pH_8.50_10.xtc,1000.0,0.2339011
8.50,pH_8.50pH_8.50_11.xtc,0.0,0.2339011
8.50,pH_8.50pH_8.50_11.xtc,100.0,0.2474495
8.50,pH_8.50pH_8.50_11.xtc,200.0,0.211628
8.50,pH_8.50pH_8.50_11.xtc,300.0,0.2289207
8.50,pH_8.50pH_8.50_11.xtc,400.0,0.2496185
8.50,pH_8.50pH_8.50_11.xtc,500.0,0.2099942
8.50,pH_8.50pH_8.50_11.xtc,600.0,0.2419672
8.50,pH_8.50pH_8.50_11.xtc,700.0,0.269827
8.50,pH_8.50pH_8.50_11.xtc,800.0,0.3033275
8.50,pH_8.50pH_8.50_11.xtc,900.0,0.2981795
8.50,pH_8.50pH_8.50_11.xtc,1000.0,0.3140119
8.50,pH_8.50pH_8.50_12.xtc,0.0,0.3140119
8.50,pH_8.50pH_8.50_12.xtc,100.0,0.3129964
8.50,pH_8.50pH_8.50_12.xtc,200.0,0.3195035
8.50,pH_8.50pH_8.50_12.xtc,300.0,0.3160363
8.50,pH_8.50pH_8.50_12.xtc,400.0,0.2497578
8.50,pH_8.50pH_8.50_12.xtc,500.0,0.239179
8.50,pH_8.50pH_8.50_12.xtc,600.0,0.2368578
8.50,pH_8.50pH_8.50_12.xtc,700.0,0.2860743
8.50,pH_8.50pH_8.50_12.xtc,800.0,0.2888133
8.50,pH_8.50pH_8.50_12.xtc,900.0,0.2794772
8.50,pH_8.50pH_8.50_12.xtc,1000.0,0.29269
8.50,pH_8.50pH_8.50_13.xtc,0.0,0.29269
8.50,pH_8.50pH_8.50_13.xtc,100.0,0.2253454
8.50,pH_8.50pH_8.50_13.xtc,200.0,0.2860224
8.50,pH_8.50pH_8.50_13.xtc,300.0,0.2805023
8.50,pH_8.50pH_8.50_13.xtc,400.0,0.2208984
8.50,pH_8.50pH_8.50_13.xtc,500.0,0.2125455
8.50,pH_8.50pH_8.50_13.xtc,600.0,0.2281286
8.50,pH_8.50pH_8.50_13.xtc,700.0,0.1948244
8.50,pH_8.50pH_8.50_13.xtc,800.0,0.1877161
8.50,pH_8.50pH_8.50_13.xtc,900.0,0.2143201
8.50,pH_8.50pH_8.50_13.xtc,1000.0,0.2332912
8.50,pH_8.50pH_8.50_14.xtc,0.0,0.2332912
8.50,pH_8.50pH_8.50_14.xtc,100.0,0.2715944
8.50,pH_8.50pH_8.50_14.xtc,200.0,0.310519
8.50,pH_8.50pH_8.50_14.xtc,300.0,0.2319924
8.50,pH_8.50pH_8.50_14.xtc,400.0,0.2553033
8.50,pH_8.50pH_8.50_14.xtc,500.0,0.2986906
8.50,pH_8.50pH_8.50_14.xtc,600.0,0.3235718
8.50,pH_8.50pH_8.50_14.xtc,700.0,0.2460952
8.50,pH_8.50pH_8.50_14.xtc,800.0,0.2854215
8.50,pH_8.50pH_8.50_14.xtc,900.0,0.3363274
8.50,pH_8.50pH_8.50_14.xtc,1000.0,0.3358927
8.50,pH_8.50pH_8.50_15.xtc,0.0,0.3358927
8.50,pH_8.50pH_8.50_15.xtc,100.0,0.3390156
8.50,pH_8.50pH_8.50_15.xtc,200.0,0.2904413
8.50,pH_8.50pH_8.50_15.xtc,300.0,0.2310147
8.50,pH_8.50pH_8.50_15.xtc,400.0,0.2200314
8.50,pH_8.50pH_8.50_15.xtc,500.0,0.2414359
8.50,pH_8.50pH_8.50_15.xtc,600.0,0.2446304
8.50,pH_8.50pH_8.50_15.xtc,700.0,0.2184377
8.50,pH_8.50pH_8.50_15.xtc,800.0,0.2165227
8.50,pH_8.50pH_8.50_15.xtc,900.0,0.2377841
8.50,pH_8.50pH_8.50_15.xtc,1000.0,0.3081564
8.50,pH_8.50pH_8.50_16.xtc,0.0,0.3081564
8.50,pH_8.50pH_8.50_16.xtc,100.0,0.2621683
8.50,pH_8.50pH_8.50_16.xtc,200.0,0.2615178
8.50,pH_8.50pH_8.50_16.xtc,300.0,0.2763723
8.50,pH_8.50pH_8.50_16.xtc,400.0,0.2493125
8.50,pH_8.50pH_8.50_16.xtc,500.0,0.3161142
8.50,pH_8.50pH_8.50_16.xtc,600.0,0.3154953
8.50,pH_8.50pH_8.50_16.xtc,700.0,0.3320027
8.50,pH_8.50pH_8.50_16.xtc,800.0,0.2834249
8.50,pH_8.50pH_8.50_16.xtc,900.0,0.3016037
8.50,pH_8.50pH_8.50_16.xtc,1000.0,0.248909
8.50,pH_8.50pH_8.50_17.xtc,0.0,0.248909
8.50,pH_8.50pH_8.50_17.xtc,100.0,0.2381948
8.50,pH_8.50pH_8.50_17.xtc,200.0,0.2966229
8.50,pH_8.50pH_8.50_17.xtc,300.0,0.2558873
8.50,pH_8.50pH_8.50_17.xtc,400.0,0.2810691
8.50,pH_8.50pH_8.50_17.xtc,500.0,0.3358311
8.50,pH_8.50pH_8.50_17.xtc,600.0,0.306857
8.50,pH_8.50pH_8.50_17.xtc,700.0,0.2644997
8.50,pH_8.50pH_8.50_17.xtc,800.0,0.3275965
8.50,pH_8.50pH_8.50_17.xtc,900.0,0.3174038
8.50,pH_8.50pH_8.50_17.xtc,1000.0,0.2474885
8.50,pH_8.50pH_8.50_18.xtc,0.0,0.2474885
8.50,pH_8.50pH_8.50_18.xtc,100.0,0.2639488
8.50,pH_8.50pH_8.50_18.xtc,200.0,0.3023951
8.50,pH_8.50pH_8.50_18.xtc,300.0,0.3460409
8.50,pH_8.50pH_8.50_18.xtc,400.0,0.2945908
8.50,pH_8.50pH_8.50_18.xtc,500.0,0.332394
8.50,pH_8.50pH_8.50_18.xtc,600.0,0.3716885
8.50,pH_8.50pH_8.50_18.xtc,700.0,0.3233713
8.50,pH_8.50pH_8.50_18.xtc,800.0,0.2340624
8.50,pH_8.50pH_8.50_18.xtc,900.0,0.2196807
8.50,pH_8.50pH_8.50_18.xtc,1000.0,0.2117735
8.50,pH_8.50pH_8.50_19.xtc,0.0,0.2117735
8.50,pH_8.50pH_8.50_19.xtc,100.0,0.2531291
8.50,pH_8.50pH_8.50_19.xtc,200.0,0.2784751
8.50,pH_8.50pH_8.50_19.xtc,300.0,0.2740742
8.50,pH_8.50pH_8.50_19.xtc,400.0,0.27707
8.50,pH_8.50pH_8.50_19.xtc,500.0,0.2161958
8.50,pH_8.50pH_8.50_19.xtc,600.0,0.2740767
8.50,pH_8.50pH_8.50_19.xtc,700.0,0.2600172
8.50,pH_8.50pH_8.50_19.xtc,800.0,0.2618854
8.50,pH_8.50pH_8.50_19.xtc,900.0,0.2455786
8.50,pH_8.50pH_8.50_19.xtc,1000.0,0.261657
8.50,pH_8.50pH_8.50_20.xtc,0.0,0.261657
8.50,pH_8.50pH_8.50_20.xtc,100.0,0.3232828
8.50,pH_8.50pH_8.50_20.xtc,200.0,0.234272
8.50,pH_8.50pH_8.50_20.xtc,300.0,0.2277709
8.50,pH_8.50pH_8.50_20.xtc,400.0,0.3474672
8.50,pH_8.50pH_8.50_20.xtc,500.0,0.3131589
8.50,pH_8.50pH_8.50_20.xtc,600.0,0.3274388
8.50,pH_8.50pH_8.50_20.xtc,700.0,0.2966539
8.50,pH_8.50pH_8.50_20.xtc,800.0,0.3957523
8.50,pH_8.50pH_8.50_20.xtc,900.0,0.4029839
8.50,pH_8.50pH_8.50_20.xtc,1000.0,0.28902
9.00,pH_9.00pH_9.00_1.xtc,0.0,0.2510264
9.00,pH_9.00pH_9.00_1.xtc,100.0,0.2469947
9.00,pH_9.00pH_9.00_1.xtc,200.0,0.1804743
9.00,pH_9.00pH_9.00_1.xtc,300.0,0.2168522
9.00,pH_9.00pH_9.00_1.xtc,400.0,0.2273763
9.00,pH_9.00pH_9.00_1.xtc,500.0,0.2181054
9.00,pH_9.00pH_9.00_1.xtc,600.0,0.2619835
9.00,pH_9.00pH_9.00_1.xtc,700.0,0.1833506
9.00,pH_9.00pH_9.00_1.xtc,800.0,0.1842811
9.00,pH_9.00pH_9.00_1.xtc,900.0,0.2047585
9.00,pH_9.00pH_9.00_1.xtc,1000.0,0.209637
9.00,pH_9.00pH_9.00_2.xtc,0.0,0.209637
9.00,pH_9.00pH_9.00_2.xtc,100.0,0.1869064
9.00,pH_9.00pH_9.00_2.xtc,200.0,0.2492014
9.00,pH_9.00pH_9.00_2.xtc,300.0,0.1879084
9.00,pH_9.00pH_9.00_2.xtc,400.0,0.209972
9.00,pH_9.00pH_9.00_2.xtc,500.0,0.1972602
9.00,pH_9.00pH_9.00_2.xtc,600.0,0.1836605
9.00,pH_9.00pH_9.00_2.xtc,700.0,0.1818105
9.00,pH_9.00pH_9.00_2.xtc,800.0,0.1588141
9.00,pH_9.00pH_9.00_2.xtc,900.0,0.1670148
9.00,pH_9.00pH_9.00_2.xtc,1000.0,0.0005
9.00,pH_9.00pH_9.00_3.xtc,0.0,0.0005
9.00,pH_9.00pH_9.00_3.xtc,100.0,0.2536736
9.00,pH_9.00pH_9.00_3.xtc,200.0,0.1690045
9.00,pH_9.00pH_9.00_3.xtc,300.0,0.2099979
9.00,pH_9.00pH_9.00_3.xtc,400.0,0.2449372
9.00,pH_9.00pH_9.00_3.xtc,500.0,0.214418
9.00,pH_9.00pH_9.00_3.xtc,600.0,0.2124433
9.00,pH_9.00pH_9.00_3.xtc,700.0,0.2429799
9.00,pH_9.00pH_9.00_3.xtc,800.0,0.2509889
9.00,pH_9.00pH_9.00_3.xtc,900.0,0.2001269
9.00,pH_9.00pH_9.00_3.xtc,1000.0,0.2174859
9.00,pH_9.00pH_9.00_4.xtc,0.0,0.2174859
9.00,pH_9.00pH_9.00_4.xtc,100.0,0.2131584
9.00,pH_9.00pH_9.00_4.xtc,200.0,0.2281124
9.00,pH_9.00pH_9.00_4.xtc,300.0,0.2429849
9.00,pH_9.00pH_9.00_4.xtc,400.0,0.2065229
9.00,pH_9.00pH_9.00_4.xtc,500.0,0.2756745
9.00,pH_9.00pH_9.00_4.xtc,600.0,0.2319022
9.00,pH_9.00pH_9.00_4.xtc,700.0,0.2502246
9.00,pH_9.00pH_9.00_4.xtc,800.0,0.2283577
9.00,pH_9.00pH_9.00_4.xtc,900.0,0.213065
9.00,pH_9.00pH_9.00_4.xtc,1000.0,0.2352596
9.00,pH_9.00pH_9.00_5.xtc,0.0,0.2352596
9.00,pH_9.00pH_9.00_5.xtc,100.0,0.2384982
9.00,pH_9.00pH_9.00_5.xtc,200.0,0.2282246
9.00,pH_9.00pH_9.00_5.xtc,300.0,0.243969
9.00,pH_9.00pH_9.00_5.xtc,400.0,0.2562905
9.00,pH_9.00pH_9.00_5.xtc,500.0,0.2214794
9.00,pH_9.00pH_9.00_5.xtc,600.0,0.2551625
9.00,pH_9.00pH_9.00_5.xtc,700.0,0.2792555
9.00,pH_9.00pH_9.00_5.xtc,800.0,0.2218055
9.00,pH_9.00pH_9.00_5.xtc,900.0,0.2835674
9.00,pH_9.00pH_9.00_5.xtc,1000.0,0.2185423
9.00,pH_9.00pH_9.00_6.xtc,0.0,0.2185423
9.00,pH_9.00pH_9.00_6.xtc,100.0,0.2320417
9.00,pH_9.00pH_9.00_6.xtc,200.0,0.1815622
9.00,pH_9.00pH_9.00_6.xtc,300.0,0.1620093
9.00,pH_9.00pH_9.00_6.xtc,400.0,0.2307208
9.00,pH_9.00pH_9.00_6.xtc,500.0,0.2619854
9.00,pH_9.00pH_9.00_6.xtc,600.0,0.288536
9.00,pH_9.00pH_9.00_6.xtc,700.0,0.2434983
9.00,pH_9.00pH_9.00_6.xtc,800.0,0.2353064
9.00,pH_9.00pH_9.00_6.xtc,900.0,0.2513232
9.00,pH_9.00pH_9.00_6.xtc,1000.0,0.2198389
9.00,pH_9.00pH_9.00_7.xtc,0.0,0.2198389
9.00,pH_9.00pH_9.00_7.xtc,100.0,0.21355
9.00,pH_9.00pH_9.00_7.xtc,200.0,0.2857787
9.00,pH_9.00pH_9.00_7.xtc,300.0,0.2336459
9.00,pH_9.00pH_9.00_7.xtc,400.0,0.1885414
9.00,pH_9.00pH_9.00_7.xtc,500.0,0.1891941
9.00,pH_9.00pH_9.00_7.xtc,600.0,0.2228076
9.00,pH_9.00pH_9.00_7.xtc,700.0,0.2844867
9.00,pH_9.00pH_9.00_7.xtc,800.0,0.2460716
9.00,pH_9.00pH_9.00_7.xtc,900.0,0.3160248
9.00,pH_9.00pH_9.00_7.xtc,1000.0,0.2602161
9.00,pH_9.00pH_9.00_8.xtc,0.0,0.2602161
9.00,pH_9.00pH_9.00_8.xtc,100.0,0.2258632
9.00,pH_9.00pH_9.00_8.xtc,200.0,0.2303399
9.00,pH_9.00pH_9.00_8.xtc,300.0,0.2775305
9.00,pH_9.00pH_9.00_8.xtc,400.0,0.2864991
9.00,pH_9.00pH_9.00_8.xtc,500.0,0.2729491
9.00,pH_9.00pH_9.00_8.xtc,600.0,0.3328622
9.00,pH_9.00pH_9.00_8.xtc,700.0,0.3406533
9.00,pH_9.00pH_9.00_8.xtc,800.0,0.3013175
9.00,pH_9.00pH_9.00_8.xtc,900.0,0.250031
9.00,pH_9.00pH_9.00_8.xtc,1000.0,0.2012298
9.00,pH_9.00pH_9.00_9.xtc,0.0,0.2012298
9.00,pH_9.00pH_9.00_9.xtc,100.0,0.203907
9.00,pH_9.00pH_9.00_9.xtc,200.0,0.2116544
9.00,pH_9.00pH_9.00_9.xtc,300.0,0.2155257
9.00,pH_9.00pH_9.00_9.xtc,400.0,0.221752
9.00,pH_9.00pH_9.00_9.xtc,500.0,0.2436361
9.00,pH_9.00pH_9.00_9.xtc,600.0,0.2806329
9.00,pH_9.00pH_9.00_9.xtc,700.0,0.2508722
9.00,pH_9.00pH_9.00_9.xtc,800.0,0.2097413
9.00,pH_9.00pH_9.00_9.xtc,900.0,0.2110057
9.00,pH_9.00pH_9.00_9.xtc,1000.0,0.2152576
9.00,pH_9.00pH_9.00_10.xtc,0.0,0.2152576
9.00,pH_9.00pH_9.00_10.xtc,100.0,0.222147
9.00,pH_9.00pH_9.00_10.xtc,200.0,0.2346887
9.00,pH_9.00pH_9.00_10.xtc,300.0,0.2322342
9.00,pH_9.00pH_9.00_10.xtc,400.0,0.2305932
9.00,pH_9.00pH_9.00_10.xtc,500.0,0.2870034
9.00,pH_9.00pH_9.00_10.xtc,600.0,0.2891942
9.00,pH_9.00pH_9.00_10.xtc,700.0,0.2482177
9.00,pH_9.00pH_9.00_10.xtc,800.0,0.1853668
9.00,pH_9.00pH_9.00_10.xtc,900.0,0.2447036
9.00,pH_9.00pH_9.00_10.xtc,1000.0,0.2624242
9.00,pH_9.00pH_9.00_11.xtc,0.0,0.2624242
9.00,pH_9.00pH_9.00_11.xtc,100.0,0.2597349
9.00,pH_9.00pH_9.00_11.xtc,200.0,0.2726375
9.00,pH_9.00pH_9.00_11.xtc,300.0,0.2397344
9.00,pH_9.00pH_9.00_11.xtc,400.0,0.2099369
9.00,pH_9.00pH_9.00_11.xtc,500.0,0.2310286
9.00,pH_9.00pH_9.00_11.xtc,600.0,0.2011876
9.00,pH_9.00pH_9.00_11.xtc,700.0,0.193974
9.00,pH_9.00pH_9.00_11.xtc,800.0,0.1947615
9.00,pH_9.00pH_9.00_11.xtc,900.0,0.2262366
9.00,pH_9.00pH_9.00_11.xtc,1000.0,0.204935
9.00,pH_9.00pH_9.00_12.xtc,0.0,0.204935
9.00,pH_9.00pH_9.00_12.xtc,100.0,0.2440118
9.00,pH_9.00pH_9.00_12.xtc,200.0,0.2086676
9.00,pH_9.00pH_9.00_12.xtc,300.0,0.2834721
9.00,pH_9.00pH_9.00_12.xtc,400.0,0.2348433
9.00,pH_9.00pH_9.00_12.xtc,500.0,0.2027115
9.00,pH_9.00pH_9.00_12.xtc,600.0,0.1919842
9.00,pH_9.00pH_9.00_12.xtc,700.0,0.2037636
9.00,pH_9.00pH_9.00_12.xtc,800.0,0.2328221
9.00,pH_9.00pH_9.00_12.xtc,900.0,0.3096602
9.00,pH_9.00pH_9.00_12.xtc,1000.0,0.2395372
9.00,pH_9.00pH_9.00_13.xtc,0.0,0.2395372
9.00,pH_9.00pH_9.00_13.xtc,100.0,0.3133655
9.00,pH_9.00pH_9.00_13.xtc,200.0,0.3443764
9.00,pH_9.00pH_9.00_13.xtc,300.0,0.2271401
9.00,pH_9.00pH_9.00_13.xtc,400.0,0.2212733
9.00,pH_9.00pH_9.00_13.xtc,500.0,0.2095012
9.00,pH_9.00pH_9.00_13.xtc,600.0,0.2213883
9.00,pH_9.00pH_9.00_13.xtc,700.0,0.2354127
9.00,pH_9.00pH_9.00_13.xtc,800.0,0.2252064
9.00,pH_9.00pH_9.00_13.xtc,900.0,0.211561
9.00,pH_9.00pH_9.00_13.xtc,1000.0,0.2337336
9.00,pH_9.00pH_9.00_14.xtc,0.0,0.2337336
9.00,pH_9.00pH_9.00_14.xtc,100.0,0.2506439
9.00,pH_9.00pH_9.00_14.xtc,200.0,0.2470652
9.00,pH_9.00pH_9.00_14.xtc,300.0,0.2129298
9.00,pH_9.00pH_9.00_14.xtc,400.0,0.2549943
9.00,pH_9.00pH_9.00_14.xtc,500.0,0.2384859
9.00,pH_9.00pH_9.00_14.xtc,600.0,0.2881899
9.00,pH_9.00pH_9.00_14.xtc,700.0,0.3373321
9.00,pH_9.00pH_9.00_14.xtc,800.0,0.3156435
9.00,pH_9.00pH_9.00_14.xtc,900.0,0.3361605
9.00,pH_9.00pH_9.00_14.xtc,1000.0,0.285735
9.00,pH_9.00pH_9.00_15.xtc,0.0,0.285735
9.00,pH_9.00pH_9.00_15.xtc,100.0,0.2823478
9.00,pH_9.00pH_9.00_15.xtc,200.0,0.2981973
9.00,pH_9.00pH_9.00_15.xtc,300.0,0.3032629
9.00,pH_9.00pH_9.00_15.xtc,400.0,0.3595526
9.00,pH_9.00pH_9.00_15.xtc,500.0,0.3481279
9.00,pH_9.00pH_9.00_15.xtc,600.0,0.252305
9.00,pH_9.00pH_9.00_15.xtc,700.0,0.2692188
9.00,pH_9.00pH_9.00_15.xtc,800.0,0.2389333
9.00,pH_9.00pH_9.00_15.xtc,900.0,0.2301801
9.00,pH_9.00pH_9.00_15.xtc,1000.0,0.2202942
9.00,pH_9.00pH_9.00_16.xtc,0.0,0.2202942
9.00,pH_9.00pH_9.00_16.xtc,100.0,0.2476523
9.00,pH_9.00pH_9.00_16.xtc,200.0,0.2116884
9.00,pH_9.00pH_9.00_16.xtc,300.0,0.2398122
9.00,pH_9.00pH_9.00_16.xtc,400.0,0.2173546
9.00,pH_9.00pH_9.00_16.xtc,500.0,0.2274607
9.00,pH_9.00pH_9.00_16.xtc,600.0,0.2190053
9.00,pH_9.00pH_9.00_16.xtc,700.0,0.2444181
9.00,pH_9.00pH_9.00_16.xtc,800.0,0.2260019
9.00,pH_9.00pH_9.00_16.xtc,900.0,0.2409062
9.00,pH_9.00pH_9.00_16.xtc,1000.0,0.2410453
9.00,pH_9.00pH_9.00_17.xtc,0.0,0.2410453
9.00,pH_9.00pH_9.00_17.xtc,100.0,0.3418718
9.00,pH_9.00pH_9.00_17.xtc,200.0,0.3303525
9.00,pH_9.00pH_9.00_17.xtc,300.0,0.273551
9.00,pH_9.00pH_9.00_17.xtc,400.0,0.2353704
9.00,pH_9.00pH_9.00_17.xtc,500.0,0.2446575
9.00,pH_9.00pH_9.00_17.xtc,600.0,0.2593117
9.00,pH_9.00pH_9.00_17.xtc,700.0,0.2665069
9.00,pH_9.00pH_9.00_17.xtc,800.0,0.2021573
9.00,pH_9.00pH_9.00_17.xtc,900.0,0.2457664
9.00,pH_9.00pH_9.00_17.xtc,1000.0,0.2338743
9.00,pH_9.00pH_9.00_18.xtc,0.0,0.2338743
9.00,pH_9.00pH_9.00_18.xtc,100.0,0.2618836
9.00,pH_9.00pH_9.00_18.xtc,200.0,0.2096365
9.00,pH_9.00pH_9.00_18.xtc,300.0,0.216546
9.00,pH_9.00pH_9.00_18.xtc,400.0,0.2640519
9.00,pH_9.00pH_9.00_18.xtc,500.0,0.2061414
9.00,pH_9.00pH_9.00_18.xtc,600.0,0.2218712
9.00,pH_9.00pH_9.00_18.xtc,700.0,0.2175585
9.00,pH_9.00pH_9.00_18.xtc,800.0,0.2483021
9.00,pH_9.00pH_9.00_18.xtc,900.0,0.2132147
9.00,pH_9.00pH_9.00_18.xtc,1000.0,0.1851655
9.00,pH_9.00pH_9.00_19.xtc,0.0,0.1851655
9.00,pH_9.00pH_9.00_19.xtc,100.0,0.1957097
9.00,pH_9.00pH_9.00_19.xtc,200.0,0.2538044
9.00,pH_9.00pH_9.00_19.xtc,300.0,0.2184566
9.00,pH_9.00pH_9.00_19.xtc,400.0,0.2339137
9.00,pH_9.00pH_9.00_19.xtc,500.0,0.222052
9.00,pH_9.00pH_9.00_19.xtc,600.0,0.257768
9.00,pH_9.00pH_9.00_19.xtc,700.0,0.2806612
9.00,pH_9.00pH_9.00_19.xtc,800.0,0.2636155
9.00,pH_9.00pH_9.00_19.xtc,900.0,0.3174035
9.00,pH_9.00pH_9.00_19.xtc,1000.0,0.2572683
9.00,pH_9.00pH_9.00_20.xtc,0.0,0.2572683
9.00,pH_9.00pH_9.00_20.xtc,100.0,0.2109493
9.00,pH_9.00pH_9.00_20.xtc,200.0,0.2390654
9.00,pH_9.00pH_9.00_20.xtc,300.0,0.249798
9.00,pH_9.00pH_9.00_20.xtc,400.0,0.2256532
9.00,pH_9.00pH_9.00_20.xtc,500.0,0.2603196
9.00,pH_9.00pH_9.00_20.xtc,600.0,0.2843191
9.00,pH_9.00pH_9.00_20.xtc,700.0,0.2865846
9.00,pH_9.00pH_9.00_20.xtc,800.0,0.269212
9.00,pH_9.00pH_9.00_20.xtc,900.0,0.30468
9.00,pH_9.00pH_9.00_20.xtc,1000.0,0.2381631
9.50,pH_9.50pH_9.50_1.xtc,0.0,0.2422479
9.50,pH_9.50pH_9.50_1.xtc,100.0,0.2636347
9.50,pH_9.50pH_9.50_1.xtc,200.0,0.1858606
9.50,pH_9.50pH_9.50_1.xtc,300.0,0.189975
9.50,pH_9.50pH_9.50_1.xtc,400.0,0.2058705
9.50,pH_9.50pH_9.50_1.xtc,500.0,0.1795267
9.50,pH_9.50pH_9.50_1.xtc,600.0,0.2199356
9.50,pH_9.50pH_9.50_1.xtc,700.0,0.2703413
9.50,pH_9.50pH_9.50_1.xtc,800.0,0.2292118
9.50,pH_9.50pH_9.50_1.xtc,900.0,0.2008078
9.50,pH_9.50pH_9.50_1.xtc,1000.0,0.2393187
9.50,pH_9.50pH_9.50_2.xtc,0.0,0.2393187
9.50,pH_9.50pH_9.50_2.xtc,100.0,0.2386288
9.50,pH_9.50pH_9.50_2.xtc,200.0,0.1644531
9.50,pH_9.50pH_9.50_2.xtc,300.0,0.209997
9.50,pH_9.50pH_9.50_2.xtc,400.0,0.196031
9.50,pH_9.50pH_9.50_2.xtc,500.0,0.1433553
9.50,pH_9.50pH_9.50_2.xtc,600.0,0.2211747
9.50,pH_9.50pH_9.50_2.xtc,700.0,0.1728795
9.50,pH_9.50pH_9.50_2.xtc,800.0,0.1164708
9.50,pH_9.50pH_9.50_2.xtc,900.0,0.1807903
9.50,pH_9.50pH_9.50_2.xtc,1000.0,0.0005031
9.50,pH_9.50pH_9.50_3.xtc,0.0,0.0005031
9.50,pH_9.50pH_9.50_3.xtc,100.0,0.2417018
9.50,pH_9.50pH_9.50_3.xtc,200.0,0.2028594
9.50,pH_9.50pH_9.50_3.xtc,300.0,0.1908308
9.50,pH_9.50pH_9.50_3.xtc,400.0,0.1637385
9.50,pH_9.50pH_9.50_3.xtc,500.0,0.2246195
9.50,pH_9.50pH_9.50_3.xtc,600.0,0.2478455
9.50,pH_9.50pH_9.50_3.xtc,700.0,0.2182945
9.50,pH_9.50pH_9.50_3.xtc,800.0,0.2921884
9.50,pH_9.50pH_9.50_3.xtc,900.0,0.2916461
9.50,pH_9.50pH_9.50_3.xtc,1000.0,0.2575831
9.50,pH_9.50pH_9.50_4.xtc,0.0,0.2575831
9.50,pH_9.50pH_9.50_4.xtc,100.0,0.2489798
9.50,pH_9.50pH_9.50_4.xtc,200.0,0.2113045
9.50,pH_9.50pH_9.50_4.xtc,300.0,0.2242575
9.50,pH_9.50pH_9.50_4.xtc,400.0,0.2741622
9.50,pH_9.50pH_9.50_4.xtc,500.0,0.1841187
9.50,pH_9.50pH_9.50_4.xtc,600.0,0.1936208
9.50,pH_9.50pH_9.50_4.xtc,700.0,0.2344609
9.50,pH_9.50pH_9.50_4.xtc,800.0,0.2826554
9.50,pH_9.50pH_9.50_4.xtc,900.0,0.2113484
9.50,pH_9.50pH_9.50_4.xtc,1000.0,0.2058427
9.50,pH_9.50pH_9.50_5.xtc,0.0,0.2058427
9.50,pH_9.50pH_9.50_5.xtc,100.0,0.186786
9.50,pH_9.50pH_9.50_5.xtc,200.0,0.1585739
9.50,pH_9.50pH_9.50_5.xtc,300.0,0.1975737
9.50,pH_9.50pH_9.50_5.xtc,400.0,0.1912385
9.50,pH_9.50pH_9.50_5.xtc,500.0,0.2688394
9.50,pH_9.50pH_9.50_5.xtc,600.0,0.2379171
9.50,pH_9.50pH_9.50_5.xtc,700.0,0.2233456
9.50,pH_9.50pH_9.50_5.xtc,800.0,0.2422895
9.50,pH_9.50pH_9.50_5.xtc,900.0,0.2360045
9.50,pH_9.50pH_9.50_5.xtc,1000.0,0.1997814
9.50,pH_9.50pH_9.50_6.xtc,0.0,0.1997814
9.50,pH_9.50pH_9.50_6.xtc,100.0,0.1878148
9.50,pH_9.50pH_9.50_6.xtc,200.0,0.2036733
9.50,pH_9.50pH_9.50_6.xtc,300.0,0.2203598
9.50,pH_9.50pH_9.50_6.xtc,400.0,0.2347206
9.50,pH_9.50pH_9.50_6.xtc,500.0,0.2079038
9.50,pH_9.50pH_9.50_6.xtc,600.0,0.2208678
9.50,pH_9.50pH_9.50_6.xtc,700.0,0.2191545
9.50,pH_9.50pH_9.50_6.xtc,800.0,0.2075774
9.50,pH_9.50pH_9.50_6.xtc,900.0,0.1880424
9.50,pH_9.50pH_9.50_6.xtc,1000.0,0.2079753
9.50,pH_9.50pH_9.50_7.xtc,0.0,0.2079753
9.50,pH_9.50pH_9.50_7.xtc,100.0,0.2074158
9.50,pH_9.50pH_9.50_7.xtc,200.0,0.254529
9.50,pH_9.50pH_9.50_7.xtc,300.0,0.21162
9.50,pH_9.50pH_9.50_7.xtc,400.0,0.2312063
9.50,pH_9.50pH_9.50_7.xtc,500.0,0.2681131
9.50,pH_9.50pH_9.50_7.xtc,600.0,0.3690714
9.50,pH_9.50pH_9.50_7.xtc,700.0,0.4943376
9.50,pH_9.50pH_9.50_7.xtc,800.0,0.2817497
9.50,pH_9.50pH_9.50_7.xtc,900.0,0.3238762
9.50,pH_9.50pH_9.50_7.xtc,1000.0,0.2852208
9.50,pH_9.50pH_9.50_8.xtc,0.0,0.2852208
9.50,pH_9.50pH_9.50_8.xtc,100.0,0.2157711
9.50,pH_9.50pH_9.50_8.xtc,200.0,0.2488545
9.50,pH_9.50pH_9.50_8.xtc,300.0,0.2146166
9.50,pH_9.50pH_9.50_8.xtc,400.0,0.2511893
9.50,pH_9.50pH_9.50_8.xtc,500.0,0.2027129
9.50,pH_9.50pH_9.50_8.xtc,600.0,0.2422815
9.50,pH_9.50pH_9.50_8.xtc,700.0,0.2698795
9.50,pH_9.50pH_9.50_8.xtc,800.0,0.2480724
9.50,pH_9.50pH_9.50_8.xtc,900.0,0.2462953
9.50,pH_9.50pH_9.50_8.xtc,1000.0,0.2477625
9.50,pH_9.50pH_9.50_9.xtc,0.0,0.2477625
9.50,pH_9.50pH_9.50_9.xtc,100.0,0.2095793
9.50,pH_9.50pH_9.50_9.xtc,200.0,0.2324311
9.50,pH_9.50pH_9.50_9.xtc,300.0,0.2058787
9.50,pH_9.50pH_9.50_9.xtc,400.0,0.2129774
9.50,pH_9.50pH_9.50_9.xtc,500.0,0.2196447
9.50,pH_9.50pH_9.50_9.xtc,600.0,0.2092782
9.50,pH_9.50pH_9.50_9.xtc,700.0,0.2238237
9.50,pH_9.50pH_9.50_9.xtc,800.0,0.2629652
9.50,pH_9.50pH_9.50_9.xtc,900.0,0.2553698
9.50,pH_9.50pH_9.50_9.xtc,1000.0,0.273917
9.50,pH_9.50pH_9.50_10.xtc,0.0,0.273917
9.50,pH_9.50pH_9.50_10.xtc,100.0,0.2695419
9.50,pH_9.50pH_9.50_10.xtc,200.0,0.2554803
9.50,pH_9.50pH_9.50_10.xtc,300.0,0.271908
9.50,pH_9.50pH_9.50_10.xtc,400.0,0.3006501
9.50,pH_9.50pH_9.50_10.xtc,500.0,0.2919284
9.50,pH_9.50pH_9.50_10.xtc,600.0,0.2294312
9.50,pH_9.50pH_9.50_10.xtc,700.0,0.2212589
9.50,pH_9.50pH_9.50_10.xtc,800.0,0.2648072
9.50,pH_9.50pH_9.50_10.xtc,900.0,0.2987029
9.50,pH_9.50pH_9.50_10.xtc,1000.0,0.2172311
9.50,pH_9.50pH_9.50_11.xtc,0.0,0.2172311
9.50,pH_9.50pH_9.50_11.xtc,100.0,0.2975567
9.50,pH_9.50pH_9.50_11.xtc,200.0,0.2847456
9.50,pH_9.50pH_9.50_11.xtc,300.0,0.3164122
9.50,pH_9.50pH_9.50_11.xtc,400.0,0.2810257
9.50,pH_9.50pH_9.50_11.xtc,500.0,0.2970093
9.50,pH_9.50pH_9.50_11.xtc,600.0,0.2538536
9.50,pH_9.50pH_9.50_11.xtc,700.0,0.2067449
9.50,pH_9.50pH_9.50_11.xtc,800.0,0.2215281
9.50,pH_9.50pH_9.50_11.xtc,900.0,0.2411383
9.50,pH_9.50pH_9.50_11.xtc,1000.0,0.2005204
9.50,pH_9.50pH_9.50_12.xtc,0.0,0.2005204
9.50,pH_9.50pH_9.50_12.xtc,100.0,0.2304427
9.50,pH_9.50pH_9.50_12.xtc,200.0,0.2936789
9.50,pH_9.50pH_9.50_12.xtc,300.0,0.2753296
9.50,pH_9.50pH_9.50_12.xtc,400.0,0.237564
9.50,pH_9.50pH_9.50_12.xtc,500.0,0.2321261
9.50,pH_9.50pH_9.50_12.xtc,600.0,0.2636471
9.50,pH_9.50pH_9.50_12.xtc,700.0,0.215064
9.50,pH_9.50pH_9.50_12.xtc,800.0,0.2803435
9.50,pH_9.50pH_9.50_12.xtc,900.0,0.2733622
9.50,pH_9.50pH_9.50_12.xtc,1000.0,0.2798015
9.50,pH_9.50pH_9.50_13.xtc,0.0,0.2798015
9.50,pH_9.50pH_9.50_13.xtc,100.0,0.2266574
9.50,pH_9.50pH_9.50_13.xtc,200.0,0.2983959
9.50,pH_9.50pH_9.50_13.xtc,300.0,0.220139
9.50,pH_9.50pH_9.50_13.xtc,400.0,0.2130039
9.50,pH_9.50pH_9.50_13.xtc,500.0,0.2500312
9.50,pH_9.50pH_9.50_13.xtc,600.0,0.2650507
9.50,pH_9.50pH_9.50_13.xtc,700.0,0.2146839
9.50,pH_9.50pH_9.50_13.xtc,800.0,0.2062348
9.50,pH_9.50pH_9.50_13.xtc,900.0,0.2330186
9.50,pH_9.50pH_9.50_13.xtc,1000.0,0.2242431
9.50,pH_9.50pH_9.50_14.xtc,0.0,0.2242431
9.50,pH_9.50pH_9.50_14.xtc,100.0,0.2256131
9.50,pH_9.50pH_9.50_14.xtc,200.0,0.2137367
9.50,pH_9.50pH_9.50_14.xtc,300.0,0.2555136
9.50,pH_9.50pH_9.50_14.xtc,400.0,0.214247
9.50,pH_9.50pH_9.50_14.xtc,500.0,0.2393996
9.50,pH_9.50pH_9.50_14.xtc,600.0,0.238724
9.50,pH_9.50pH_9.50_14.xtc,700.0,0.2186297
9.50,pH_9.50pH_9.50_14.xtc,800.0,0.2113831
9.50,pH_9.50pH_9.50_14.xtc,900.0,0.2163997
9.50,pH_9.50pH_9.50_14.xtc,1000.0,0.1989894
9.50,pH_9.50pH_9.50_15.xtc,0.0,0.1989894
9.50,pH_9.50pH_9.50_15.xtc,100.0,0.2580899
9.50,pH_9.50pH_9.50_15.xtc,200.0,0.2419561
9.50,pH_9.50pH_9.50_15.xtc,300.0,0.2334806
9.50,pH_9.50pH_9.50_15.xtc,400.0,0.2265827
9.50,pH_9.50pH_9.50_15.xtc,500.0,0.2390107
9.50,pH_9.50pH_9.50_15.xtc,600.0,0.2631136
9.50,pH_9.50pH_9.50_15.xtc,700.0,0.2571896
9.50,pH_9.50pH_9.50_15.xtc,800.0,0.2321044
9.50,pH_9.50pH_9.50_15.xtc,900.0,0.2350115
9.50,pH_9.50pH_9.50_15.xtc,1000.0,0.2620662
9.50,pH_9.50pH_9.50_16.xtc,0.0,0.2620662
9.50,pH_9.50pH_9.50_16.xtc,100.0,0.3164819
9.50,pH_9.50pH_9.50_16.xtc,200.0,0.2793281
9.50,pH_9.50pH_9.50_16.xtc,300.0,0.2488796
9.50,pH_9.50pH_9.50_16.xtc,400.0,0.2397261
9.50,pH_9.50pH_9.50_16.xtc,500.0,0.2335479
9.50,pH_9.50pH_9.50_16.xtc,600.0,0.249458
9.50,pH_9.50pH_9.50_16.xtc,700.0,0.2453923
9.50,pH_9.50pH_9.50_16.xtc,800.0,0.2481014
9.50,pH_9.50pH_9.50_16.xtc,900.0,0.2418284
9.50,pH_9.50pH_9.50_16.xtc,1000.0,0.2909594
9.50,pH_9.50pH_9.50_17.xtc,0.0,0.2909594
9.50,pH_9.50pH_9.50_17.xtc,100.0,0.2529124
9.50,pH_9.50pH_9.50_17.xtc,200.0,0.2583822
9.50,pH_9.50pH_9.50_17.xtc,300.0,0.2278693
9.50,pH_9.50pH_9.50_17.xtc,400.0,0.2841192
9.50,pH_9.50pH_9.50_17.xtc,500.0,0.2361953
9.50,pH_9.50pH_9.50_17.xtc,600.0,0.2753871
9.50,pH_9.50pH_9.50_17.xtc,700.0,0.2105087
9.50,pH_9.50pH_9.50_17.xtc,800.0,0.1968108
9.50,pH_9.50pH_9.50_17.xtc,900.0,0.22535
9.50,pH_9.50pH_9.50_17.xtc,1000.0,0.2950988
9.50,pH_9.50pH_9.50_18.xtc,0.0,0.2950988
9.50,pH_9.50pH_9.50_18.xtc,100.0,0.2201985
9.50,pH_9.50pH_9.50_18.xtc,200.0,0.2490377
9.50,pH_9.50pH_9.50_18.xtc,300.0,0.223437
9.50,pH_9.50pH_9.50_18.xtc,400.0,0.2199572
9.50,pH_9.50pH_9.50_18.xtc,500.0,0.2077643
9.50,pH_9.50pH_9.50_18.xtc,600.0,0.2232971
9.50,pH_9.50pH_9.50_18.xtc,700.0,0.2325348
9.50,pH_9.50pH_9.50_18.xtc,800.0,0.2456336
9.50,pH_9.50pH_9.50_18.xtc,900.0,0.2701831
9.50,pH_9.50pH_9.50_18.xtc,1000.0,0.2940205
9.50,pH_9.50pH_9.50_19.xtc,0.0,0.2940205
9.50,pH_9.50pH_9.50_19.xtc,100.0,0.2224992
9.50,pH_9.50pH_9.50_19.xtc,200.0,0.2180648
9.50,pH_9.50pH_9.50_19.xtc,300.0,0.2934169
9.50,pH_9.50pH_9.50_19.xtc,400.0,0.2870905
9.50,pH_9.50pH_9.50_19.xtc,500.0,0.2480593
9.50,pH_9.50pH_9.50_19.xtc,600.0,0.2438733
9.50,pH_9.50pH_9.50_19.xtc,700.0,0.2483737
9.50,pH_9.50pH_9.50_19.xtc,800.0,0.2229532
9.50,pH_9.50pH_9.50_19.xtc,900.0,0.2178485
9.50,pH_9.50pH_9.50_19.xtc,1000.0,0.2183374
9.50,pH_9.50pH_9.50_20.xtc,0.0,0.2183374
9.50,pH_9.50pH_9.50_20.xtc,100.0,0.2804543
9.50,pH_9.50pH_9.50_20.xtc,200.0,0.2752468
9.50,pH_9.50pH_9.50_20.xtc,300.0,0.2636934
9.50,pH_9.50pH_9.50_20.xtc,400.0,0.2138124
9.50,pH_9.50pH_9.50_20.xtc,500.0,0.2542717
9.50,pH_9.50pH_9.50_20.xtc,600.0,0.215518
9.50,pH_9.50pH_9.50_20.xtc,700.0,0.3010385
9.50,pH_9.50pH_9.50_20.xtc,800.0,0.3052075
9.50,pH_9.50pH_9.50_20.xtc,900.0,0.3528195
9.50,pH_9.50pH_9.50_20.xtc,1000.0,0.2282385
10.00,pH_10.00pH_10.00_1.xtc,0.0,0.2228456
10.00,pH_10.00pH_10.00_1.xtc,100.0,0.1984541
10.00,pH_10.00pH_10.00_1.xtc,200.0,0.233427
10.00,pH_10.00pH_10.00_1.xtc,300.0,0.1908503
10.00,pH_10.00pH_10.00_1.xtc,400.0,0.1951079
10.00,pH_10.00pH_10.00_1.xtc,500.0,0.2826561
10.00,pH_10.00pH_10.00_1.xtc,600.0,0.2066254
10.00,pH_10.00pH_10.00_1.xtc,700.0,0.2561497
10.00,pH_10.00pH_10.00_1.xtc,800.0,0.268491
10.00,pH_10.00pH_10.00_1.xtc,900.0,0.2024926
10.00,pH_10.00pH_10.00_1.xtc,1000.0,0.1631641
10.00,pH_10.00pH_10.00_2.xtc,0.0,0.1631641
10.00,pH_10.00pH_10.00_2.xtc,100.0,0.2007678
10.00,pH_10.00pH_10.00_2.xtc,200.0,0.1751073
10.00,pH_10.00pH_10.00_2.xtc,300.0,0.2185868
10.00,pH_10.00pH_10.00_2.xtc,400.0,0.1743557
10.00,pH_10.00pH_10.00_2.xtc,500.0,0.1687484
10.00,pH_10.00pH_10.00_2.xtc,600.0,0.1860411
10.00,pH_10.00pH_10.00_2.xtc,700.0,0.1828257
10.00,pH_10.00pH_10.00_2.xtc,800.0,0.1641116
10.00,pH_10.00pH_10.00_2.xtc,900.0,0.2048744
10.00,pH_10.00pH_10.00_2.xtc,1000.0,0.0005031
10.00,pH_10.00pH_10.00_3.xtc,0.0,0.0005031
10.00,pH_10.00pH_10.00_3.xtc,100.0,0.1538725
10.00,pH_10.00pH_10.00_3.xtc,200.0,0.154175
10.00,pH_10.00pH_10.00_3.xtc,300.0,0.2206409
10.00,pH_10.00pH_10.00_3.xtc,400.0,0.218712
10.00,pH_10.00pH_10.00_3.xtc,500.0,0.1592174
10.00,pH_10.00pH_10.00_3.xtc,600.0,0.1552337
10.00,pH_10.00pH_10.00_3.xtc,700.0,0.2015648
10.00,pH_10.00pH_10.00_3.xtc,800.0,0.1970644
10.00,pH_10.00pH_10.00_3.xtc,900.0,0.1791235
10.00,pH_10.00pH_10.00_3.xtc,1000.0,0.2365181
10.00,pH_10.00pH_10.00_4.xtc,0.0,0.2365181
10.00,pH_10.00pH_10.00_4.xtc,100.0,0.2577361
10.00,pH_10.00pH_10.00_4.xtc,200.0,0.265189
10.00,pH_10.00pH_10.00_4.xtc,300.0,0.2364379
10.00,pH_10.00pH_10.00_4.xtc,400.0,0.2152338
10.00,pH_10.00pH_10.00_4.xtc,500.0,0.2239305
10.00,pH_10.00pH_10.00_4.xtc,600.0,0.2000195
10.00,pH_10.00pH_10.00_4.xtc,700.0,0.2017249
10.00,pH_10.00pH_10.00_4.xtc,800.0,0.2082916
10.00,pH_10.00pH_10.00_4.xtc,900.0,0.2086892
10.00,pH_10.00pH_10.00_4.xtc,1000.0,0.2345476
10.00,pH_10.00pH_10.00_5.xtc,0.0,0.2345476
10.00,pH_10.00pH_10.00_5.xtc,100.0,0.2123009
10.00,pH_10.00pH_10.00_5.xtc,200.0,0.2027597
10.00,pH_10.00pH_10.00_5.xtc,300.0,0.2397788
10.00,pH_10.00pH_10.00_5.xtc,400.0,0.2513513
10.00,pH_10.00pH_10.00_5.xtc,500.0,0.225424
10.00,pH_10.00pH_10.00_5.xtc,600.0,0.1729186
10.00,pH_10.00pH_10.00_5.xtc,700.0,0.2147984
10.00,pH_10.00pH_10.00_5.xtc,800.0,0.2863154
10.00,pH_10.00pH_10.00_5.xtc,900.0,0.2098391
10.00,pH_10.00pH_10.00_5.xtc,1000.0,0.2382336
10.00,pH_10.00pH_10.00_6.xtc,0.0,0.2382336
10.00,pH_10.00pH_10.00_6.xtc,100.0,0.2337244
10.00,pH_10.00pH_10.00_6.xtc,200.0,0.1990558
10.00,pH_10.00pH_10.00_6.xtc,300.0,0.1879987
10.00,pH_10.00pH_10.00_6.xtc,400.0,0.2368662
10.00,pH_10.00pH_10.00_6.xtc,500.0,0.2109465
10.00,pH_10.00pH_10.00_6.xtc,600.0,0.2726324
10.00,pH_10.00pH_10.00_6.xtc,700.0,0.2910964
10.00,pH_10.00pH_10.00_6.xtc,800.0,0.2529196
10.00,pH_10.00pH_10.00_6.xtc,900.0,0.2222486
10.00,pH_10.00pH_10.00_6.xtc,1000.0,0.2031698
10.00,pH_10.00pH_10.00_7.xtc,0.0,0.2031698
10.00,pH_10.00pH_10.00_7.xtc,100.0,0.2390534
10.00,pH_10.00pH_10.00_7.xtc,200.0,0.2593062
10.00,pH_10.00pH_10.00_7.xtc,300.0,0.2689949
10.00,pH_10.00pH_10.00_7.xtc,400.0,0.2099692
10.00,pH_10.00pH_10.00_7.xtc,500.0,0.2525171
10.00,pH_10.00pH_10.00_7.xtc,600.0,0.2131399
10.00,pH_10.00pH_10.00_7.xtc,700.0,0.2574035
10.00,pH_10.00pH_10.00_7.xtc,800.0,0.242028
10.00,pH_10.00pH_10.00_7.xtc,900.0,0.3097329
10.00,pH_10.00pH_10.00_7.xtc,1000.0,0.2973555
10.00,pH_10.00pH_10.00_8.xtc,0.0,0.2973555
10.00,pH_10.00pH_10.00_8.xtc,100.0,0.3108478
10.00,pH_10.00pH_10.00_8.xtc,200.0,0.3413035
10.00,pH_10.00pH_10.00_8.xtc,300.0,0.3171735
10.00,pH_10.00pH_10.00_8.xtc,400.0,0.246512
10.00,pH_10.00pH_10.00_8.xtc,500.0,0.2954297
10.00,pH_10.00pH_10.00_8.xtc,600.0,0.2651442
10.00,pH_10.00pH_10.00_8.xtc,700.0,0.2418305
10.00,pH_10.00pH_10.00_8.xtc,800.0,0.2938114
10.00,pH_10.00pH_10.00_8.xtc,900.0,0.3591393
10.00,pH_10.00pH_10.00_8.xtc,1000.0,0.3370396
10.00,pH_10.00pH_10.00_9.xtc,0.0,0.3370396
10.00,pH_10.00pH_10.00_9.xtc,100.0,0.3393671
10.00,pH_10.00pH_10.00_9.xtc,200.0,0.3430733
10.00,pH_10.00pH_10.00_9.xtc,300.0,0.3155703
10.00,pH_10.00pH_10.00_9.xtc,400.0,0.3104781
10.00,pH_10.00pH_10.00_9.xtc,500.0,0.3488923
10.00,pH_10.00pH_10.00_9.xtc,600.0,0.250949
10.00,pH_10.00pH_10.00_9.xtc,700.0,0.2536932
10.00,pH_10.00pH_10.00_9.xtc,800.0,0.2752708
10.00,pH_10.00pH_10.00_9.xtc,900.0,0.235447
10.00,pH_10.00pH_10.00_9.xtc,1000.0,0.2316697
10.00,pH_10.00pH_10.00_10.xtc,0.0,0.2316697
10.00,pH_10.00pH_10.00_10.xtc,100.0,0.2213518
10.00,pH_10.00pH_10.00_10.xtc,200.0,0.2112145
10.00,pH_10.00pH_10.00_10.xtc,300.0,0.2079143
10.00,pH_10.00pH_10.00_10.xtc,400.0,0.1940176
10.00,pH_10.00pH_10.00_10.xtc,500.0,0.256095
10.00,pH_10.00pH_10.00_10.xtc,600.0,0.2140443
10.00,pH_10.00pH_10.00_10.xtc,700.0,0.2415908
10.00,pH_10.00pH_10.00_10.xtc,800.0,0.1914925
10.00,pH_10.00pH_10.00_10.xtc,900.0,0.2053855
10.00,pH_10.00pH_10.00_10.xtc,1000.0,0.2493185
10.00,pH_10.00pH_10.00_11.xtc,0.0,0.2493185
10.00,pH_10.00pH_10.00_11.xtc,100.0,0.2131198
10.00,pH_10.00pH_10.00_11.xtc,200.0,0.2155325
10.00,pH_10.00pH_10.00_11.xtc,300.0,0.2069015
10.00,pH_10.00pH_10.00_11.xtc,400.0,0.2021298
10.00,pH_10.00pH_10.00_11.xtc,500.0,0.1996973
10.00,pH_10.00pH_10.00_11.xtc,600.0,0.1952632
10.00,pH_10.00pH_10.00_11.xtc,700.0,0.2121022
10.00,pH_10.00pH_10.00_11.xtc,800.0,0.285445
10.00,pH_10.00pH_10.00_11.xtc,900.0,0.376648
10.00,pH_10.00pH_10.00_11.xtc,1000.0,0.3433126
10.00,pH_10.00pH_10.00_12.xtc,0.0,0.3433126
10.00,pH_10.00pH_10.00_12.xtc,100.0,0.323449
10.00,pH_10.00pH_10.00_12.xtc,200.0,0.2952256
10.00,pH_10.00pH_10.00_12.xtc,300.0,0.3457171
10.00,pH_10.00pH_10.00_12.xtc,400.0,0.3143669
10.00,pH_10.00pH_10.00_12.xtc,500.0,0.2883579
10.00,pH_10.00pH_10.00_12.xtc,600.0,0.2621762
10.00,pH_10.00pH_10.00_12.xtc,700.0,0.27729
10.00,pH_10.00pH_10.00_12.xtc,800.0,0.2318276
10.00,pH_10.00pH_10.00_12.xtc,900.0,0.2100482
10.00,pH_10.00pH_10.00_12.xtc,1000.0,0.2186337
10.00,pH_10.00pH_10.00_13.xtc,0.0,0.2186337
10.00,pH_10.00pH_10.00_13.xtc,100.0,0.2493169
10.00,pH_10.00pH_10.00_13.xtc,200.0,0.2942092
10.00,pH_10.00pH_10.00_13.xtc,300.0,0.2345093
10.00,pH_10.00pH_10.00_13.xtc,400.0,0.2461538
10.00,pH_10.00pH_10.00_13.xtc,500.0,0.3059965
10.00,pH_10.00pH_10.00_13.xtc,600.0,0.264749
10.00,pH_10.00pH_10.00_13.xtc,700.0,0.2859045
10.00,pH_10.00pH_10.00_13.xtc,800.0,0.2290184
10.00,pH_10.00pH_10.00_13.xtc,900.0,0.309163
10.00,pH_10.00pH_10.00_13.xtc,1000.0,0.3376952
10.00,pH_10.00pH_10.00_14.xtc,0.0,0.3376952
10.00,pH_10.00pH_10.00_14.xtc,100.0,0.2984357
10.00,pH_10.00pH_10.00_14.xtc,200.0,0.3202895
10.00,pH_10.00pH_10.00_14.xtc,300.0,0.3753749
10.00,pH_10.00pH_10.00_14.xtc,400.0,0.2940256
10.00,pH_10.00pH_10.00_14.xtc,500.0,0.3591934
10.00,pH_10.00pH_10.00_14.xtc,600.0,0.2582088
10.00,pH_10.00pH_10.00_14.xtc,700.0,0.191029
10.00,pH_10.00pH_10.00_14.xtc,800.0,0.2187786
10.00,pH_10.00pH_10.00_14.xtc,900.0,0.2413451
10.00,pH_10.00pH_10.00_14.xtc,1000.0,0.2503283
10.00,pH_10.00pH_10.00_15.xtc,0.0,0.2503283
10.00,pH_10.00pH_10.00_15.xtc,100.0,0.2339664
10.00,pH_10.00pH_10.00_15.xtc,200.0,0.3050636
10.00,pH_10.00pH_10.00_15.xtc,300.0,0.2399912
10.00,pH_10.00pH_10.00_15.xtc,400.0,0.2136258
10.00,pH_10.00pH_10.00_15.xtc,500.0,0.2376738
10.00,pH_10.00pH_10.00_15.xtc,600.0,0.225835
10.00,pH_10.00pH_10.00_15.xtc,700.0,0.2258837
10.00,pH_10.00pH_10.00_15.xtc,800.0,0.2448144
10.00,pH_10.00pH_10.00_15.xtc,900.0,0.2145433
10.00,pH_10.00pH_10.00_15.xtc,1000.0,0.2535869
10.00,pH_10.00pH_10.00_16.xtc,0.0,0.2535869
10.00,pH_10.00pH_10.00_16.xtc,100.0,0.2110571
10.00,pH_10.00pH_10.00_16.xtc,200.0,0.2645718
10.00,pH_10.00pH_10.00_16.xtc,300.0,0.2663483
10.00,pH_10.00pH_10.00_16.xtc,400.0,0.2297165
10.00,pH_10.00pH_10.00_16.xtc,500.0,0.2553827
10.00,pH_10.00pH_10.00_16.xtc,600.0,0.2221084
10.00,pH_10.00pH_10.00_16.xtc,700.0,0.2332118
10.00,pH_10.00pH_10.00_16.xtc,800.0,0.2643957
10.00,pH_10.00pH_10.00_16.xtc,900.0,0.2126074
10.00,pH_10.00pH_10.00_16.xtc,1000.0,0.2594317
10.00,pH_10.00pH_10.00_17.xtc,0.0,0.2594317
10.00,pH_10.00pH_10.00_17.xtc,100.0,0.2851143
10.00,pH_10.00pH_10.00_17.xtc,200.0,0.2325423
10.00,pH_10.00pH_10.00_17.xtc,300.0,0.2666128
10.00,pH_10.00pH_10.00_17.xtc,400.0,0.230811
10.00,pH_10.00pH_10.00_17.xtc,500.0,0.2128908
10.00,pH_10.00pH_10.00_17.xtc,600.0,0.2105528
10.00,pH_10.00pH_10.00_17.xtc,700.0,0.265966
10.00,pH_10.00pH_10.00_17.xtc,800.0,0.2106063
10.00,pH_10.00pH_10.00_17.xtc,900.0,0.2014791
10.00,pH_10.00pH_10.00_17.xtc,1000.0,0.2446442
10.00,pH_10.00pH_10.00_18.xtc,0.0,0.2446442
10.00,pH_10.00pH_10.00_18.xtc,100.0,0.2261235
10.00,pH_10.00pH_10.00_18.xtc,200.0,0.2267027
10.00,pH_10.00pH_10.00_18.xtc,300.0,0.2875533
10.00,pH_10.00pH_10.00_18.xtc,400.0,0.261947
10.00,pH_10.00pH_10.00_18.xtc,500.0,0.2555031
10.00,pH_10.00pH_10.00_18.xtc,600.0,0.2440754
10.00,pH_10.00pH_10.00_18.xtc,700.0,0.2550676
10.00,pH_10.00pH_10.00_18.xtc,800.0,0.2154486
10.00,pH_10.00pH_10.00_18.xtc,900.0,0.2259581
10.00,pH_10.00pH_10.00_18.xtc,1000.0,0.2259212
10.00,pH_10.00pH_10.00_19.xtc,0.0,0.2259212
10.00,pH_10.00pH_10.00_19.xtc,100.0,0.2510867
10.00,pH_10.00pH_10.00_19.xtc,200.0,0.2481273
10.00,pH_10.00pH_10.00_19.xtc,300.0,0.2213601
10.00,pH_10.00pH_10.00_19.xtc,400.0,0.2201329
10.00,pH_10.00pH_10.00_19.xtc,500.0,0.2328926
10.00,pH_10.00pH_10.00_19.xtc,600.0,0.2299771
10.00,pH_10.00pH_10.00_19.xtc,700.0,0.2292374
10.00,pH_10.00pH_10.00_19.xtc,800.0,0.2301054
10.00,pH_10.00pH_10.00_19.xtc,900.0,0.2658683
10.00,pH_10.00pH_10.00_19.xtc,1000.0,0.2717407
10.00,pH_10.00pH_10.00_20.xtc,0.0,0.2717407
10.00,pH_10.00pH_10.00_20.xtc,100.0,0.3210198
10.00,pH_10.00pH_10.00_20.xtc,200.0,0.3299562
10.00,pH_10.00pH_10.00_20.xtc,300.0,0.2668882
10.00,pH_10.00pH_10.00_20.xtc,400.0,0.2743424
10.00,pH_10.00pH_10.00_20.xtc,500.0,0.2595587
10.00,pH_10.00pH_10.00_20.xtc,600.0,0.219409
10.00,pH_10.00pH_10.00_20.xtc,700.0,0.2438253
10.00,pH_10.00pH_10.00_20.xtc,800.0,0.2387058
10.00,pH_10.00pH_10.00_20.xtc,900.0,0.2593613
10.00,pH_10.00pH_10.00_20.xtc,1000.0,0.2668023
10.50,pH_10.50pH_10.50_1.xtc,0.0,0.1969595
10.50,pH_10.50pH_10.50_1.xtc,100.0,0.2277488
10.50,pH_10.50pH_10.50_1.xtc,200.0,0.2219518
10.50,pH_10.50pH_10.50_1.xtc,300.0,0.255272
10.50,pH_10.50pH_10.50_1.xtc,400.0,0.2217963
10.50,pH_10.50pH_10.50_1.xtc,500.0,0.23622
10.50,pH_10.50pH_10.50_1.xtc,600.0,0.2553564
10.50,pH_10.50pH_10.50_1.xtc,700.0,0.2070469
10.50,pH_10.50pH_10.50_1.xtc,800.0,0.2689212
10.50,pH_10.50pH_10.50_1.xtc,900.0,0.2145073
10.50,pH_10.50pH_10.50_1.xtc,1000.0,0.204074
10.50,pH_10.50pH_10.50_2.xtc,0.0,0.204074
10.50,pH_10.50pH_10.50_2.xtc,100.0,0.2000744
10.50,pH_10.50pH_10.50_2.xtc,200.0,0.2596339
10.50,pH_10.50pH_10.50_2.xtc,300.0,0.1786347
10.50,pH_10.50pH_10.50_2.xtc,400.0,0.2056208
10.50,pH_10.50pH_10.50_2.xtc,500.0,0.222306
10.50,pH_10.50pH_10.50_2.xtc,600.0,0.2137607
10.50,pH_10.50pH_10.50_2.xtc,700.0,0.1636501
10.50,pH_10.50pH_10.50_2.xtc,800.0,0.1736036
10.50,pH_10.50pH_10.50_2.xtc,900.0,0.1594165
10.50,pH_10.50pH_10.50_2.xtc,1000.0,0.0005014
10.50,pH_10.50pH_10.50_3.xtc,0.0,0.0005014
10.50,pH_10.50pH_10.50_3.xtc,100.0,0.2122987
10.50,pH_10.50pH_10.50_3.xtc,200.0,0.2002995
10.50,pH_10.50pH_10.50_3.xtc,300.0,0.1759059
10.50,pH_10.50pH_10.50_3.xtc,400.0,0.1614695
10.50,pH_10.50pH_10.50_3.xtc,500.0,0.2008385
10.50,pH_10.50pH_10.50_3.xtc,600.0,0.2026899
10.50,pH_10.50pH_10.50_3.xtc,700.0,0.1964521
10.50,pH_10.50pH_10.50_3.xtc,800.0,0.151688
10.50,pH_10.50pH_10.50_3.xtc,900.0,0.1558961
10.50,pH_10.50pH_10.50_3.xtc,1000.0,0.2593883
10.50,pH_10.50pH_10.50_4.xtc,0.0,0.2593883
10.50,pH_10.50pH_10.50_4.xtc,100.0,0.1977497
10.50,pH_10.50pH_10.50_4.xtc,200.0,0.2181013
10.50,pH_10.50pH_10.50_4.xtc,300.0,0.2287905
10.50,pH_10.50pH_10.50_4.xtc,400.0,0.2450038
10.50,pH_10.50pH_10.50_4.xtc,500.0,0.1774314
10.50,pH_10.50pH_10.50_4.xtc,600.0,0.2520266
10.50,pH_10.50pH_10.50_4.xtc,700.0,0.2794751
10.50,pH_10.50pH_10.50_4.xtc,800.0,0.2010373
10.50,pH_10.50pH_10.50_4.xtc,900.0,0.2263824
10.50,pH_10.50pH_10.50_4.xtc,1000.0,0.2087744
10.50,pH_10.50pH_10.50_5.xtc,0.0,0.2087744
10.50,pH_10.50pH_10.50_5.xtc,100.0,0.2522852
10.50,pH_10.50pH_10.50_5.xtc,200.0,0.2418367
10.50,pH_10.50pH_10.50_5.xtc,300.0,0.2088928
10.50,pH_10.50pH_10.50_5.xtc,400.0,0.2351501
10.50,pH_10.50pH_10.50_5.xtc,500.0,0.2286371
10.50,pH_10.50pH_10.50_5.xtc,600.0,0.2613557
10.50,pH_10.50pH_10.50_5.xtc,700.0,0.2477433
10.50,pH_10.50pH_10.50_5.xtc,800.0,0.2310531
10.50,pH_10.50pH_10.50_5.xtc,900.0,0.2410861
10.50,pH_10.50pH_10.50_5.xtc,1000.0,0.2475892
10.50,pH_10.50pH_10.50_6.xtc,0.0,0.2475892
10.50,pH_10.50pH_10.50_6.xtc,100.0,0.2134226
10.50,pH_10.50pH_10.50_6.xtc,200.0,0.216823
10.50,pH_10.50pH_10.50_6.xtc,300.0,0.2370496
10.50,pH_10.50pH_10.50_6.xtc,400.0,0.2024235
10.50,pH_10.50pH_10.50_6.xtc,500.0,0.2562276
10.50,pH_10.50pH_10.50_6.xtc,600.0,0.2163738
10.50,pH_10.50pH_10.50_6.xtc,700.0,0.2444978
10.50,pH_10.50pH_10.50_6.xtc,800.0,0.210916
10.50,pH_10.50pH_10.50_6.xtc,900.0,0.2276837
10.50,pH_10.50pH_10.50_6.xtc,1000.0,0.2420933
10.50,pH_10.50pH_10.50_7.xtc,0.0,0.2420933
10.50,pH_10.50pH_10.50_7.xtc,100.0,0.2189449
10.50,pH_10.50pH_10.50_7.xtc,200.0,0.1982513
10.50,pH_10.50pH_10.50_7.xtc,300.0,0.2516284
10.50,pH_10.50pH_10.50_7.xtc,400.0,0.2569443
10.50,pH_10.50pH_10.50_7.xtc,500.0,0.2653921
10.50,pH_10.50pH_10.50_7.xtc,600.0,0.2503993
10.50,pH_10.50pH_10.50_7.xtc,700.0,0.2085261
10.50,pH_10.50pH_10.50_7.xtc,800.0,0.258626
10.50,pH_10.50pH_10.50_7.xtc,900.0,0.2529813
10.50,pH_10.50pH_10.50_7.xtc,1000.0,0.2543843
10.50,pH_10.50pH_10.50_8.xtc,0.0,0.2543843
10.50,pH_10.50pH_10.50_8.xtc,100.0,0.2334328
10.50,pH_10.50pH_10.50_8.xtc,200.0,0.2578705
10.50,pH_10.50pH_10.50_8.xtc,300.0,0.1955512
10.50,pH_10.50pH_10.50_8.xtc,400.0,0.2313816
10.50,pH_10.50pH_10.50_8.xtc,500.0,0.2371529
10.50,pH_10.50pH_10.50_8.xtc,600.0,0.2580362
10.50,pH_10.50pH_10.50_8.xtc,700.0,0.2577841
10.50,pH_10.50pH_10.50_8.xtc,800.0,0.245486
10.50,pH_10.50pH_10.50_8.xtc,900.0,0.2503123
10.50,pH_10.50pH_10.50_8.xtc,1000.0,0.2144548
10.50,pH_10.50pH_10.50_9.xtc,0.0,0.2144548
10.50,pH_10.50pH_10.50_9.xtc,100.0,0.2615068
10.50,pH_10.50pH_10.50_9.xtc,200.0,0.2287338
10.50,pH_10.50pH_10.50_9.xtc,300.0,0.2566138
10.50,pH_10.50pH_10.50_9.xtc,400.0,0.2524566
10.50,pH_10.50pH_10.50_9.xtc,500.0,0.2500429
10.50,pH_10.50pH_10.50_9.xtc,600.0,0.321813
10.50,pH_10.50pH_10.50_9.xtc,700.0,0.2494916
10.50,pH_10.50pH_10.50_9.xtc,800.0,0.2652658
10.50,pH_10.50pH_10.50_9.xtc,900.0,0.2349058
10.50,pH_10.50pH_10.50_9.xtc,1000.0,0.2100148
10.50,pH_10.50pH_10.50_10.xtc,0.0,0.2100148
10.50,pH_10.50pH_10.50_10.xtc,100.0,0.2826107
10.50,pH_10.50pH_10.50_10.xtc,200.0,0.257064
10.50,pH_10.50pH_10.50_10.xtc,300.0,0.2555079
10.50,pH_10.50pH_10.50_10.xtc,400.0,0.294221
10.50,pH_10.50pH_10.50_10.xtc,500.0,0.3176494
10.50,pH_10.50pH_10.50_10.xtc,600.0,0.2610937
10.50,pH_10.50pH_10.50_10.xtc,700.0,0.2591112
10.50,pH_10.50pH_10.50_10.xtc,800.0,0.3202376
10.50,pH_10.50pH_10.50_10.xtc,900.0,0.2909898
10.50,pH_10.50pH_10.50_10.xtc,1000.0,0.2817454
10.50,pH_10.50pH_10.50_11.xtc,0.0,0.2817454
10.50,pH_10.50pH_10.50_11.xtc,100.0,0.3035203
10.50,pH_10.50pH_10.50_11.xtc,200.0,0.2847619
10.50,pH_10.50pH_10.50_11.xtc,300.0,0.2642644
10.50,pH_10.50pH_10.50_11.xtc,400.0,0.2543124
10.50,pH_10.50pH_10.50_11.xtc,500.0,0.2940789
10.50,pH_10.50pH_10.50_11.xtc,600.0,0.2749757
10.50,pH_10.50pH_10.50_11.xtc,700.0,0.2673752
10.50,pH_10.50pH_10.50_11.xtc,800.0,0.2153042
10.50,pH_10.50pH_10.50_11.xtc,900.0,0.2512668
10.50,pH_10.50pH_10.50_11.xtc,1000.0,0.2424334
10.50,pH_10.50pH_10.50_12.xtc,0.0,0.2424334
10.50,pH_10.50pH_10.50_12.xtc,100.0,0.2426034
10.50,pH_10.50pH_10.50_12.xtc,200.0,0.297253
10.50,pH_10.50pH_10.50_12.xtc,300.0,0.2353682
10.50,pH_10.50pH_10.50_12.xtc,400.0,0.2464659
10.50,pH_10.50pH_10.50_12.xtc,500.0,0.2765293
10.50,pH_10.50pH_10.50_12.xtc,600.0,0.2909829
10.50,pH_10.50pH_10.50_12.xtc,700.0,0.2297539
10.50,pH_10.50pH_10.50_12.xtc,800.0,0.250666
10.50,pH_10.50pH_10.50_12.xtc,900.0,0.2365297
10.50,pH_10.50pH_10.50_12.xtc,1000.0,0.2218923
10.50,pH_10.50pH_10.50_13.xtc,0.0,0.2218923
10.50,pH_10.50pH_10.50_13.xtc,100.0,0.2396678
10.50,pH_10.50pH_10.50_13.xtc,200.0,0.3068877
10.50,pH_10.50pH_10.50_13.xtc,300.0,0.2951331
10.50,pH_10.50pH_10.50_13.xtc,400.0,0.2483724
10.50,pH_10.50pH_10.50_13.xtc,500.0,0.260096
10.50,pH_10.50pH_10.50_13.xtc,600.0,0.2937191
10.50,pH_10.50pH_10.50_13.xtc,700.0,0.2510328
10.50,pH_10.50pH_10.50_13.xtc,800.0,0.2813928
10.50,pH_10.50pH_10.50_13.xtc,900.0,0.3028034
10.50,pH_10.50pH_10.50_13.xtc,1000.0,0.372132
10.50,pH_10.50pH_10.50_14.xtc,0.0,0.372132
10.50,pH_10.50pH_10.50_14.xtc,100.0,0.336289
10.50,pH_10.50pH_10.50_14.xtc,200.0,0.2764493
10.50,pH_10.50pH_10.50_14.xtc,300.0,0.2446399
10.50,pH_10.50pH_10.50_14.xtc,400.0,0.3080687
10.50,pH_10.50pH_10.50_14.xtc,500.0,0.2733184
10.50,pH_10.50pH_10.50_14.xtc,600.0,0.3349043
10.50,pH_10.50pH_10.50_14.xtc,700.0,0.2463981
10.50,pH_10.50pH_10.50_14.xtc,800.0,0.275596
10.50,pH_10.50pH_10.50_14.xtc,900.0,0.261233
10.50,pH_10.50pH_10.50_14.xtc,1000.0,0.2589806
10.50,pH_10.50pH_10.50_15.xtc,0.0,0.2589806
10.50,pH_10.50pH_10.50_15.xtc,100.0,0.2553134
10.50,pH_10.50pH_10.50_15.xtc,200.0,0.2765768
10.50,pH_10.50pH_10.50_15.xtc,300.0,0.2431565
10.50,pH_10.50pH_10.50_15.xtc,400.0,0.2144133
10.50,pH_10.50pH_10.50_15.xtc,500.0,0.2558511
10.50,pH_10.50pH_10.50_15.xtc,600.0,0.2735484
10.50,pH_10.50pH_10.50_15.xtc,700.0,0.2629599
10.50,pH_10.50pH_10.50_15.xtc,800.0,0.309076
10.50,pH_10.50pH_10.50_15.xtc,900.0,0.2946542
10.50,pH_10.50pH_10.50_15.xtc,1000.0,0.3007364
10.50,pH_10.50pH_10.50_16.xtc,0.0,0.3007364
10.50,pH_10.50pH_10.50_16.xtc,100.0,0.2220067
10.50,pH_10.50pH_10.50_16.xtc,200.0,0.2649025
10.50,pH_10.50pH_10.50_16.xtc,300.0,0.2911393
10.50,pH_10.50pH_10.50_16.xtc,400.0,0.2304127
10.50,pH_10.50pH_10.50_16.xtc,500.0,0.2539687
10.50,pH_10.50pH_10.50_16.xtc,600.0,0.3210324
10.50,pH_10.50pH_10.50_16.xtc,700.0,0.2943536
10.50,pH_10.50pH_10.50_16.xtc,800.0,0.2585878
10.50,pH_10.50pH_10.50_16.xtc,900.0,0.3134322
10.50,pH_10.50pH_10.50_16.xtc,1000.0,0.2931098
10.50,pH_10.50pH_10.50_17.xtc,0.0,0.2931098
10.50,pH_10.50pH_10.50_17.xtc,100.0,0.2737075
10.50,pH_10.50pH_10.50_17.xtc,200.0,0.3003716
10.50,pH_10.50pH_10.50_17.xtc,300.0,0.2354825
10.50,pH_10.50pH_10.50_17.xtc,400.0,0.3024313
10.50,pH_10.50pH_10.50_17.xtc,500.0,0.2918591
10.50,pH_10.50pH_10.50_17.xtc,600.0,0.3119241
10.50,pH_10.50pH_10.50_17.xtc,700.0,0.3385387
10.50,pH_10.50pH_10.50_17.xtc,800.0,0.3162103
10.50,pH_10.50pH_10.50_17.xtc,900.0,0.3048526
10.50,pH_10.50pH_10.50_17.xtc,1000.0,0.3094435
10.50,pH_10.50pH_10.50_18.xtc,0.0,0.3094435
10.50,pH_10.50pH_10.50_18.xtc,100.0,0.2405148
10.50,pH_10.50pH_10.50_18.xtc,200.0,0.2648717
10.50,pH_10.50pH_10.50_18.xtc,300.0,0.2358779
10.50,pH_10.50pH_10.50_18.xtc,400.0,0.2365335
10.50,pH_10.50pH_10.50_18.xtc,500.0,0.303962
10.50,pH_10.50pH_10.50_18.xtc,600.0,0.2497512
10.50,pH_10.50pH_10.50_18.xtc,700.0,0.3331999
10.50,pH_10.50pH_10.50_18.xtc,800.0,0.3666579
10.50,pH_10.50pH_10.50_18.xtc,900.0,0.335341
10.50,pH_10.50pH_10.50_18.xtc,1000.0,0.38566
10.50,pH_10.50pH_10.50_19.xtc,0.0,0.38566
10.50,pH_10.50pH_10.50_19.xtc,100.0,0.3501709
10.50,pH_10.50pH_10.50_19.xtc,200.0,0.3666819
10.50,pH_10.50pH_10.50_19.xtc,300.0,0.3371546
10.50,pH_10.50pH_10.50_19.xtc,400.0,0.2389261
10.50,pH_10.50pH_10.50_19.xtc,500.0,0.2931251
10.50,pH_10.50pH_10.50_19.xtc,600.0,0.2917002
10.50,pH_10.50pH_10.50_19.xtc,700.0,0.3201037
10.50,pH_10.50pH_10.50_19.xtc,800.0,0.2750357
10.50,pH_10.50pH_10.50_19.xtc,900.0,0.315412
10.50,pH_10.50pH_10.50_19.xtc,1000.0,0.256264
10.50,pH_10.50pH_10.50_20.xtc,0.0,0.256264
10.50,pH_10.50pH_10.50_20.xtc,100.0,0.2632187
10.50,pH_10.50pH_10.50_20.xtc,200.0,0.2347278
10.50,pH_10.50pH_10.50_20.xtc,300.0,0.2299729
10.50,pH_10.50pH_10.50_20.xtc,400.0,0.2125057
10.50,pH_10.50pH_10.50_20.xtc,500.0,0.2241236
10.50,pH_10.50pH_10.50_20.xtc,600.0,0.2287451
10.50,pH_10.50pH_10.50_20.xtc,700.0,0.2277634
10.50,pH_10.50pH_10.50_20.xtc,800.0,0.2511049
10.50,pH_10.50pH_10.50_20.xtc,900.0,0.2696045
10.50,pH_10.50pH_10.50_20.xtc,1000.0,0.2489018
