pH,residue,SEQ,residue_pi,SCORE,avg_rmsf,avg_sasa
6.5,30,T,5.6,1.19,0.19964500000000002,1.38725
6.5,31,V,5.96,-0.753,0.13046,0.17925
6.5,32,H,7.95,0.417,0.15909500000000001,1.07525
6.5,33,S,5.68,-0.352,0.11159,0.16835
6.5,34,S,5.68,0.388,0.14149,1.0132999999999999
6.5,35,E,3.22,0.879,0.16402,1.0234
6.5,36,P,6.3,2.332,0.12817,0.8615
6.5,37,E,3.22,1.651,0.137525,0.7506
6.5,38,V,5.96,-0.06,0.09758,0.18305
6.5,39,R,10.76,1.044,0.12933,1.36945
6.5,40,I,6.02,-1.014,0.10124999999999999,0.32330000000000003
6.5,41,P,6.3,0.672,0.10749,0.44589999999999996
6.5,42,E,3.22,-1.231,0.12647,0.6232
6.5,43,N,5.41,-0.899,0.13039,1.0969
6.5,44,N,5.41,0.829,0.108205,0.5659
6.5,45,P,6.3,0.852,0.09517,0.9121
6.5,46,V,5.96,0.109,0.083475,0.13445000000000001
6.5,47,K,9.74,-0.38,0.128305,1.2621499999999999
6.5,48,L,5.98,-0.866,0.080945,0.0042499999999999994
6.5,49,S,5.68,0.706,0.097765,0.26034999999999997
6.5,50,C,5.07,-1.357,0.10330500000000001,0.033949999999999994
6.5,51,A,6.0,1.237,0.11449499999999999,0.44425
6.5,52,Y,5.66,-0.443,0.12110000000000001,0.52625
6.5,53,S,5.68,-0.36,0.1689,0.9455500000000001
6.5,54,G,5.97,0.377,0.17789,0.77285
6.5,55,F,5.48,-0.606,0.151775,0.34875
6.5,56,S,5.68,0.639,0.18033,0.9291
6.5,57,S,5.68,0.804,0.16423000000000001,0.85185
6.5,58,P,6.3,0.756,0.12929,0.40374999999999994
6.5,59,R,10.76,-1.271,0.12011000000000001,0.5778
6.5,60,V,5.96,0.061,0.09222,0.01465
6.5,61,E,3.22,-1.266,0.104345,0.20529999999999998
6.5,62,W,5.89,-1.266,0.065135,0.0016
6.5,63,K,9.74,-1.169,0.12074,0.6642
6.5,64,F,5.48,-0.651,0.09461,0.0873
6.5,65,D,2.77,0.246,0.135585,0.4807
6.5,66,Q,5.65,3.006,0.142575,0.65835
6.5,67,G,5.97,0.819,0.18106499999999998,0.84275
6.5,68,D,2.77,0.667,0.219405,1.2863
6.5,69,T,5.6,-0.164,0.178455,0.7976
6.5,70,T,5.6,-0.193,0.141945,0.75735
6.5,71,R,10.76,0.869,0.156395,1.20615
6.5,72,L,5.98,-0.264,0.118035,0.84345
6.5,73,V,5.96,-0.673,0.081235,0.0009000000000000001
6.5,74,C,5.07,0.174,0.079315,0.0006000000000000001
6.5,75,Y,5.66,0.047,0.138685,1.30375
6.5,76,N,5.41,0.48,0.126185,0.6987
6.5,77,N,5.41,0.933,0.11226499999999999,0.5321
6.5,78,K,9.74,0.398,0.16185,1.6329
6.5,79,I,6.02,0.467,0.09281,0.24159999999999998
6.5,80,T,5.6,-1.039,0.10857999999999998,0.31284999999999996
6.5,81,A,6.0,1.503,0.13577,0.95
6.5,82,S,5.68,1.5,0.134305,0.98575
6.5,83,Y,5.66,-0.955,0.09553,0.17355
6.5,84,E,3.22,0.966,0.148905,1.1008
6.5,85,D,2.77,1.917,0.148685,1.3208
6.5,86,R,10.76,-1.274,0.09498999999999999,0.7426999999999999
6.5,87,V,5.96,-0.618,0.0851,0.03695
6.5,88,T,5.6,0.497,0.111385,0.68575
6.5,89,F,5.48,0.744,0.0986,0.52555
6.5,90,L,5.98,0.291,0.13172,0.8914
6.5,91,P,6.3,2.635,0.130465,0.80435
6.5,92,T,5.6,0.756,0.12112,0.75905
6.5,93,G,5.97,-0.302,0.08769,0.01465
6.5,94,I,6.02,-0.975,0.07032000000000001,0.00205
6.5,95,T,5.6,-0.048,0.08626500000000001,0.3409
6.5,96,F,5.48,-0.618,0.093265,0.008749999999999999
6.5,97,K,9.74,1.175,0.13639,1.2385
6.5,98,S,5.68,-0.26,0.10529999999999999,0.5199
6.5,99,V,5.96,-0.856,0.089715,0.0010500000000000002
6.5,100,T,5.6,-1.049,0.100905,0.5204500000000001
6.5,101,R,10.76,-0.978,0.120945,0.9801
6.5,102,E,3.22,0.623,0.14659499999999998,1.4311500000000001
6.5,103,D,2.77,-1.371,0.085615,0.08665
6.5,104,T,5.6,-0.389,0.110175,0.40330000000000005
6.5,105,G,5.97,-1.286,0.09933,0.11975
6.5,106,T,5.6,1.326,0.108385,0.368
6.5,107,Y,5.66,-1.272,0.074735,0.006899999999999999
6.5,108,T,5.6,0.055,0.094165,0.04385
6.5,109,C,5.07,-1.358,0.078565,0.0005
6.5,110,M,5.74,-0.872,0.10123,0.21195
6.5,111,V,5.96,-1.249,0.100695,0.00030000000000000003
6.5,112,S,5.68,-0.731,0.11545000000000001,0.08795
6.5,113,E,3.22,0.155,0.16193,0.3947
6.5,114,E,3.22,1.697,0.22016,1.22775
6.5,115,G,5.97,0.863,0.19689,0.7625
6.5,116,G,5.97,0.914,0.18137,0.59215
6.5,117,N,5.41,0.874,0.18681999999999999,0.9220499999999999
6.5,118,S,5.68,1.257,0.161805,0.74565
6.5,119,Y,5.66,0.161,0.14109,1.3532499999999998
6.5,120,G,5.97,1.377,0.118735,0.1237
6.5,121,E,3.22,-0.635,0.141435,0.7711
6.5,122,V,5.96,0.629,0.11218999999999998,0.22875
6.5,123,K,9.74,1.064,0.14105,1.21905
6.5,124,V,5.96,-0.699,0.09145,0.00245
6.5,125,K,9.74,1.276,0.15263500000000002,1.0377
6.5,126,L,5.98,-1.089,0.091915,0.00215
6.5,127,I,6.02,0.368,0.11526499999999999,0.20729999999999998
6.5,128,V,5.96,-1.381,0.09913000000000001,0.0024000000000000002
6.5,129,L,5.98,-0.743,0.112015,0.21284999999999998
6.5,130,V,5.96,-1.411,0.112805,0.10880000000000001
6.5,131,P,6.3,-0.681,0.10463499999999999,0.5992
6.5,132,P,6.3,-1.165,0.09682500000000001,0.0659
6.5,133,S,5.68,-0.77,0.10081,0.3274
6.5,134,K,9.74,0.374,0.135245,1.2394500000000002
6.5,135,P,6.3,-1.377,0.093915,0.0235
6.5,136,T,5.6,0.721,0.130885,0.8561
6.5,137,V,5.96,-0.718,0.10878499999999999,0.1986
6.5,138,N,5.41,0.516,0.155395,0.83375
6.5,139,I,6.02,-0.465,0.161815,1.2779500000000001
6.5,140,P,6.3,-1.377,0.147035,0.2539
6.5,141,S,5.68,-0.097,0.20181,1.177
6.5,142,S,5.68,-1.075,0.18559,0.6298
6.5,143,A,6.0,-0.792,0.15948,0.4997
6.5,144,T,5.6,-0.888,0.17345,0.8359
6.5,145,I,6.02,-0.987,0.15703,0.9757
6.5,146,G,5.97,-0.615,0.152095,0.5149
6.5,147,N,5.41,0.478,0.17339500000000002,0.8843500000000001
6.5,148,R,10.76,1.567,0.17263,1.54215
6.5,149,A,6.0,0.038,0.11405000000000001,0.0224
6.5,150,V,5.96,0.935,0.11872500000000001,0.5764
6.5,151,L,5.98,-1.209,0.101585,0.0032500000000000003
6.5,152,T,5.6,0.16,0.115775,0.4462
6.5,153,C,5.07,-1.357,0.09517,0.05245
6.5,154,S,5.68,0.751,0.117035,0.479
6.5,155,E,3.22,-1.299,0.106205,0.1524
6.5,156,Q,5.65,2.036,0.192165,1.51515
6.5,157,D,2.77,0.454,0.139075,0.66455
6.5,158,G,5.97,-0.345,0.11571499999999998,0.10754999999999999
6.5,159,S,5.68,-1.118,0.126445,0.17415
6.5,160,P,6.3,-1.377,0.13052999999999998,0.30525
6.5,161,P,6.3,-0.204,0.13293,1.22065
6.5,162,S,5.68,-0.297,0.10030000000000001,0.0586
6.5,163,E,3.22,-0.276,0.13446,0.9902
6.5,164,Y,5.66,-0.894,0.085495,0.20595
6.5,165,T,5.6,1.155,0.075845,0.4123
6.5,166,W,5.89,-1.354,0.067455,0.0078
6.5,167,F,5.48,0.391,0.090895,0.45885
6.5,168,K,9.74,-0.529,0.098445,0.28435
6.5,169,D,2.77,-0.134,0.13163,0.97425
6.5,170,G,5.97,1.091,0.12305999999999999,0.652
6.5,171,I,6.02,0.819,0.12934,1.0259
6.5,172,V,5.96,1.513,0.103765,0.82025
6.5,173,M,5.74,-0.768,0.08351499999999999,0.0807
6.5,174,P,6.3,-0.64,0.115075,0.40800000000000003
6.5,175,T,5.6,1.671,0.13949499999999998,0.8205
6.5,176,N,5.41,0.13,0.154235,0.8839
6.5,177,P,6.3,-1.032,0.13438,0.1298
6.5,178,K,9.74,-0.493,0.19123,1.49925
6.5,179,S,5.68,0.725,0.17747,0.7957
6.5,180,T,5.6,0.06,0.175165,0.5037
6.5,181,R,10.76,0.399,0.25144,2.3515
6.5,182,A,6.0,1.134,0.170045,0.8045500000000001
6.5,183,F,5.48,-0.644,0.14116,0.27244999999999997
6.5,184,S,5.68,0.078,0.187555,0.4585
6.5,185,N,5.41,-1.372,0.19302999999999998,1.36385
6.5,186,S,5.68,-0.459,0.12808999999999998,0.12405
6.5,187,S,5.68,-1.248,0.140955,0.562
6.5,188,Y,5.66,-1.274,0.10506,0.096
6.5,189,V,5.96,0.51,0.12972999999999998,0.94295
6.5,190,L,5.98,0.261,0.11250500000000001,0.1452
6.5,191,N,5.41,-0.723,0.139675,0.6384000000000001
6.5,192,P,6.3,2.844,0.12064,0.51005
6.5,193,T,5.6,1.477,0.14582,0.9875999999999999
6.5,194,T,5.6,0.055,0.132245,0.8003500000000001
6.5,195,G,5.97,-1.28,0.102355,0.00030000000000000003
6.5,196,E,3.22,-0.038,0.138805,0.70655
6.5,197,L,5.98,-1.337,0.087075,0.0001
6.5,198,V,5.96,0.718,0.11449499999999999,0.28785
6.5,199,F,5.48,-1.208,0.10207999999999999,0.011949999999999999
6.5,200,D,2.77,0.273,0.148425,0.6076
6.5,201,P,6.3,0.642,0.13733,0.74215
6.5,202,L,5.98,0.101,0.11999,0.014100000000000001
6.5,203,S,5.68,0.953,0.12979000000000002,0.36805
6.5,204,A,6.0,-0.43,0.150445,0.7588
6.5,205,S,5.68,2.02,0.13744499999999998,0.8506
6.5,206,D,2.77,-1.374,0.105905,0.05425
6.5,207,T,5.6,0.122,0.12257500000000002,0.53745
6.5,208,G,5.97,-0.86,0.10600499999999999,0.10880000000000001
6.5,209,E,3.22,0.245,0.130695,0.8278000000000001
6.5,210,Y,5.66,-1.275,0.07485,0.0208
6.5,211,S,5.68,1.045,0.06875,0.20579999999999998
6.5,212,C,5.07,-1.358,0.0669,0.0010500000000000002
6.5,213,E,3.22,-0.656,0.079685,0.34945
6.5,214,A,6.0,-0.967,0.07355,0.0
6.5,215,R,10.76,1.383,0.13167,1.23865
6.5,216,N,5.41,-1.421,0.1031,0.2412
6.5,217,G,5.97,0.906,0.112005,0.6841999999999999
6.5,218,Y,5.66,-0.272,0.107405,0.8568999999999999
6.5,219,G,5.97,-1.191,0.103945,0.48565
6.5,220,T,5.6,1.816,0.11735500000000001,1.04145
6.5,221,P,6.3,0.826,0.091375,0.49595
6.5,222,M,5.74,-0.463,0.10129999999999999,0.6574500000000001
6.5,223,T,5.6,0.551,0.09962,0.7022999999999999
6.5,224,S,5.68,-0.945,0.082095,0.1049
6.5,225,N,5.41,1.035,0.135995,1.14415
6.5,226,A,6.0,0.672,0.11078000000000002,0.61895
6.5,227,V,5.96,1.066,0.114555,0.18675
6.5,228,R,10.76,1.129,0.14523999999999998,1.70835
6.5,229,M,5.74,-1.254,0.117735,0.3126
7.0,30,T,5.6,1.19,0.18584,1.44795
7.0,31,V,5.96,-0.753,0.1226,0.1621
7.0,32,H,7.95,0.417,0.148795,1.09435
7.0,33,S,5.68,-0.352,0.10666500000000001,0.1889
7.0,34,S,5.68,0.388,0.12387,0.92965
7.0,35,E,3.22,0.879,0.14523,0.9813000000000001
7.0,36,P,6.3,2.332,0.11733,0.85405
7.0,37,E,3.22,1.651,0.125995,0.7504500000000001
7.0,38,V,5.96,-0.06,0.09067,0.14475
7.0,39,R,10.76,1.044,0.115805,1.3648
7.0,40,I,6.02,-1.014,0.09475,0.3373
7.0,41,P,6.3,0.672,0.10341,0.40869999999999995
7.0,42,E,3.22,-1.231,0.121335,0.58
7.0,43,N,5.41,-0.899,0.12717499999999998,1.157
7.0,44,N,5.41,0.829,0.105465,0.5568
7.0,45,P,6.3,0.852,0.09390000000000001,0.9095000000000001
7.0,46,V,5.96,0.109,0.08329,0.14555
7.0,47,K,9.74,-0.38,0.11629,1.2643
7.0,48,L,5.98,-0.866,0.075,0.0012000000000000001
7.0,49,S,5.68,0.706,0.081115,0.20564999999999997
7.0,50,C,5.07,-1.357,0.087825,0.02655
7.0,51,A,6.0,1.237,0.10411,0.38730000000000003
7.0,52,Y,5.66,-0.443,0.109075,0.49995
7.0,53,S,5.68,-0.36,0.16072,0.97035
7.0,54,G,5.97,0.377,0.173235,0.75785
7.0,55,F,5.48,-0.606,0.149285,0.36535
7.0,56,S,5.68,0.639,0.174405,0.9226000000000001
7.0,57,S,5.68,0.804,0.16175,0.9946999999999999
7.0,58,P,6.3,0.756,0.126285,0.3704
7.0,59,R,10.76,-1.271,0.11797500000000001,0.51715
7.0,60,V,5.96,0.061,0.085215,0.0095
7.0,61,E,3.22,-1.266,0.10125999999999999,0.1746
7.0,62,W,5.89,-1.266,0.06041,0.0007
7.0,63,K,9.74,-1.169,0.10437,0.6183
7.0,64,F,5.48,-0.651,0.09324,0.0706
7.0,65,D,2.77,0.246,0.126985,0.422
7.0,66,Q,5.65,3.006,0.14205,0.7938500000000001
7.0,67,G,5.97,0.819,0.17359,0.7067
7.0,68,D,2.77,0.667,0.22674,1.6621
7.0,69,T,5.6,-0.164,0.18732500000000002,0.85595
7.0,70,T,5.6,-0.193,0.14961,0.8614
7.0,71,R,10.76,0.869,0.14008,1.1256
7.0,72,L,5.98,-0.264,0.11615,0.7742
7.0,73,V,5.96,-0.673,0.07725499999999999,0.00030000000000000003
7.0,74,C,5.07,0.174,0.07598,0.00030000000000000003
7.0,75,Y,5.66,0.047,0.12804,1.2581
7.0,76,N,5.41,0.48,0.124215,0.6817
7.0,77,N,5.41,0.933,0.10499,0.5806
7.0,78,K,9.74,0.398,0.152975,1.5362
7.0,79,I,6.02,0.467,0.08763499999999999,0.18825
7.0,80,T,5.6,-1.039,0.111205,0.34085
7.0,81,A,6.0,1.503,0.14543999999999999,0.84555
7.0,82,S,5.68,1.5,0.138375,0.98615
7.0,83,Y,5.66,-0.955,0.09245,0.1564
7.0,84,E,3.22,0.966,0.143335,1.084
7.0,85,D,2.77,1.917,0.14748999999999998,1.3979
7.0,86,R,10.76,-1.274,0.08864,0.67625
7.0,87,V,5.96,-0.618,0.08151,0.0433
7.0,88,T,5.6,0.497,0.104775,0.6759999999999999
7.0,89,F,5.48,0.744,0.09022,0.50365
7.0,90,L,5.98,0.291,0.11640500000000001,0.9547000000000001
7.0,91,P,6.3,2.635,0.107765,0.79195
7.0,92,T,5.6,0.756,0.100575,0.7575999999999999
7.0,93,G,5.97,-0.302,0.076485,0.0249
7.0,94,I,6.02,-0.975,0.06573,0.0004
7.0,95,T,5.6,-0.048,0.079425,0.30110000000000003
7.0,96,F,5.48,-0.618,0.08381999999999999,0.00465
7.0,97,K,9.74,1.175,0.13251,1.3074999999999999
7.0,98,S,5.68,-0.26,0.09459,0.52245
7.0,99,V,5.96,-0.856,0.088755,0.00225
7.0,100,T,5.6,-1.049,0.10454000000000001,0.5376000000000001
7.0,101,R,10.76,-0.978,0.115045,0.98705
7.0,102,E,3.22,0.623,0.1456,1.4476
7.0,103,D,2.77,-1.371,0.086995,0.07575000000000001
7.0,104,T,5.6,-0.389,0.10640000000000001,0.354
7.0,105,G,5.97,-1.286,0.09509,0.08355
7.0,106,T,5.6,1.326,0.10527500000000001,0.34935
7.0,107,Y,5.66,-1.272,0.074635,0.0034000000000000002
7.0,108,T,5.6,0.055,0.088385,0.0368
7.0,109,C,5.07,-1.358,0.07453,0.0005
7.0,110,M,5.74,-0.872,0.0917,0.22935
7.0,111,V,5.96,-1.249,0.09785,0.0004
7.0,112,S,5.68,-0.731,0.11374500000000001,0.10215
7.0,113,E,3.22,0.155,0.16127,0.40184999999999993
7.0,114,E,3.22,1.697,0.187535,1.1570500000000001
7.0,115,G,5.97,0.863,0.18839999999999998,0.7948999999999999
7.0,116,G,5.97,0.914,0.1827,0.6315500000000001
7.0,117,N,5.41,0.874,0.195185,1.00265
7.0,118,S,5.68,1.257,0.15832,0.66485
7.0,119,Y,5.66,0.161,0.14456,1.35185
7.0,120,G,5.97,1.377,0.11513,0.10029999999999999
7.0,121,E,3.22,-0.635,0.136515,0.82935
7.0,122,V,5.96,0.629,0.10402499999999999,0.21869999999999998
7.0,123,K,9.74,1.064,0.13829,1.2164
7.0,124,V,5.96,-0.699,0.087295,0.0034000000000000002
7.0,125,K,9.74,1.276,0.13514500000000002,1.0070999999999999
7.0,126,L,5.98,-1.089,0.08501,0.00205
7.0,127,I,6.02,0.368,0.1085,0.21315
7.0,128,V,5.96,-1.381,0.098275,0.0007
7.0,129,L,5.98,-0.743,0.10826500000000001,0.2239
7.0,130,V,5.96,-1.411,0.10589,0.0858
7.0,131,P,6.3,-0.681,0.096335,0.59395
7.0,132,P,6.3,-1.165,0.09,0.06115
7.0,133,S,5.68,-0.77,0.09191,0.2889
7.0,134,K,9.74,0.374,0.1376,1.33805
7.0,135,P,6.3,-1.377,0.0865,0.03305
7.0,136,T,5.6,0.721,0.11407,0.8641
7.0,137,V,5.96,-0.718,0.09344,0.172
7.0,138,N,5.41,0.516,0.120245,0.87515
7.0,139,I,6.02,-0.465,0.10525,0.30955
7.0,140,P,6.3,-1.377,0.11866000000000002,0.39185
7.0,141,S,5.68,-0.097,0.187955,1.1762000000000001
7.0,142,S,5.68,-1.075,0.19036999999999998,1.15475
7.0,143,A,6.0,-0.792,0.142255,0.32765
7.0,144,T,5.6,-0.888,0.164805,0.9231
7.0,145,I,6.02,-0.987,0.14528000000000002,1.0669
7.0,146,G,5.97,-0.615,0.14611000000000002,0.5089
7.0,147,N,5.41,0.478,0.16878500000000002,0.8999499999999999
7.0,148,R,10.76,1.567,0.17418,1.61555
7.0,149,A,6.0,0.038,0.1078,0.0625
7.0,150,V,5.96,0.935,0.11209,0.82975
7.0,151,L,5.98,-1.209,0.08494,0.0001
7.0,152,T,5.6,0.16,0.103235,0.49215
7.0,153,C,5.07,-1.357,0.083295,0.03725
7.0,154,S,5.68,0.751,0.09798,0.5574
7.0,155,E,3.22,-1.299,0.09648,0.14105
7.0,156,Q,5.65,2.036,0.1813,1.6548500000000002
7.0,157,D,2.77,0.454,0.12778499999999998,0.59765
7.0,158,G,5.97,-0.345,0.10847,0.1173
7.0,159,S,5.68,-1.118,0.1199,0.1936
7.0,160,P,6.3,-1.377,0.118485,0.27935
7.0,161,P,6.3,-0.204,0.11771000000000001,1.2361499999999999
7.0,162,S,5.68,-0.297,0.09101000000000001,0.05600000000000001
7.0,163,E,3.22,-0.276,0.12674000000000002,0.8411500000000001
7.0,164,Y,5.66,-0.894,0.07753499999999999,0.17909999999999998
7.0,165,T,5.6,1.155,0.06776499999999999,0.34104999999999996
7.0,166,W,5.89,-1.354,0.060719999999999996,0.00535
7.0,167,F,5.48,0.391,0.08034,0.4226
7.0,168,K,9.74,-0.529,0.08905500000000001,0.33675
7.0,169,D,2.77,-0.134,0.100575,0.7718
7.0,170,G,5.97,1.091,0.10022500000000001,0.6232
7.0,171,I,6.02,0.819,0.110345,1.05795
7.0,172,V,5.96,1.513,0.093135,0.7988000000000001
7.0,173,M,5.74,-0.768,0.075615,0.06665
7.0,174,P,6.3,-0.64,0.10164999999999999,0.37655
7.0,175,T,5.6,1.671,0.12744499999999997,0.8092499999999999
7.0,176,N,5.41,0.13,0.149945,0.8647
7.0,177,P,6.3,-1.032,0.12894,0.12905
7.0,178,K,9.74,-0.493,0.19047,1.4977
7.0,179,S,5.68,0.725,0.178895,0.8143
7.0,180,T,5.6,0.06,0.170405,0.56945
7.0,181,R,10.76,0.399,0.258935,2.25925
7.0,182,A,6.0,1.134,0.17257,0.8384
7.0,183,F,5.48,-0.644,0.13123,0.29805000000000004
7.0,184,S,5.68,0.078,0.15881499999999998,0.41914999999999997
7.0,185,N,5.41,-1.372,0.17209,1.4186999999999999
7.0,186,S,5.68,-0.459,0.110815,0.09885000000000001
7.0,187,S,5.68,-1.248,0.119825,0.42865000000000003
7.0,188,Y,5.66,-1.274,0.095265,0.10665
7.0,189,V,5.96,0.51,0.123925,0.8859999999999999
7.0,190,L,5.98,0.261,0.10185999999999999,0.13125
7.0,191,N,5.41,-0.723,0.124215,0.64395
7.0,192,P,6.3,2.844,0.104705,0.4418
7.0,193,T,5.6,1.477,0.13269999999999998,0.9753999999999999
7.0,194,T,5.6,0.055,0.11752499999999999,0.7823
7.0,195,G,5.97,-1.28,0.094645,0.00030000000000000003
7.0,196,E,3.22,-0.038,0.12935,0.7419
7.0,197,L,5.98,-1.337,0.081025,0.0001
7.0,198,V,5.96,0.718,0.106745,0.315
7.0,199,F,5.48,-1.208,0.09246499999999999,0.0056500000000000005
7.0,200,D,2.77,0.273,0.14155,0.5017
7.0,201,P,6.3,0.642,0.129805,0.70345
7.0,202,L,5.98,0.101,0.11265,0.0633
7.0,203,S,5.68,0.953,0.117555,0.3684
7.0,204,A,6.0,-0.43,0.13550500000000001,0.7777499999999999
7.0,205,S,5.68,2.02,0.12795,0.8836999999999999
7.0,206,D,2.77,-1.374,0.09797,0.026750000000000003
7.0,207,T,5.6,0.122,0.11277999999999999,0.6982
7.0,208,G,5.97,-0.86,0.09456,0.05845
7.0,209,E,3.22,0.245,0.121515,0.72685
7.0,210,Y,5.66,-1.275,0.07124,0.0025499999999999997
7.0,211,S,5.68,1.045,0.06298000000000001,0.1392
7.0,212,C,5.07,-1.358,0.06332,0.00030000000000000003
7.0,213,E,3.22,-0.656,0.08076,0.33104999999999996
7.0,214,A,6.0,-0.967,0.069565,0.0
7.0,215,R,10.76,1.383,0.106195,1.1149
7.0,216,N,5.41,-1.421,0.09590499999999999,0.2366
7.0,217,G,5.97,0.906,0.108365,0.7554000000000001
7.0,218,Y,5.66,-0.272,0.10177,0.8783
7.0,219,G,5.97,-1.191,0.10073000000000001,0.4897
7.0,220,T,5.6,1.816,0.116635,1.0602
7.0,221,P,6.3,0.826,0.08916500000000001,0.5641499999999999
7.0,222,M,5.74,-0.463,0.10183500000000001,0.65775
7.0,223,T,5.6,0.551,0.095675,0.70635
7.0,224,S,5.68,-0.945,0.075465,0.10845
7.0,225,N,5.41,1.035,0.126155,1.1599
7.0,226,A,6.0,0.672,0.100355,0.6052000000000001
7.0,227,V,5.96,1.066,0.10094,0.53645
7.0,228,R,10.76,1.129,0.148075,1.6855499999999999
7.0,229,M,5.74,-1.254,0.12112,0.3428
7.5,30,T,5.6,1.19,0.19359500000000002,1.30695
7.5,31,V,5.96,-0.753,0.12445500000000001,0.18205
7.5,32,H,7.95,0.417,0.17094499999999999,1.1093
7.5,33,S,5.68,-0.352,0.10767,0.17235
7.5,34,S,5.68,0.388,0.1397,1.01485
7.5,35,E,3.22,0.879,0.14923999999999998,1.00975
7.5,36,P,6.3,2.332,0.11958500000000001,0.8483499999999999
7.5,37,E,3.22,1.651,0.129015,0.7786
7.5,38,V,5.96,-0.06,0.093565,0.16145
7.5,39,R,10.76,1.044,0.1237,1.36975
7.5,40,I,6.02,-1.014,0.09731999999999999,0.3328
7.5,41,P,6.3,0.672,0.102535,0.4265
7.5,42,E,3.22,-1.231,0.113165,0.5660499999999999
7.5,43,N,5.41,-0.899,0.12717,1.1538
7.5,44,N,5.41,0.829,0.10493999999999999,0.5568500000000001
7.5,45,P,6.3,0.852,0.09545000000000001,0.9314
7.5,46,V,5.96,0.109,0.08208,0.13455
7.5,47,K,9.74,-0.38,0.12359500000000001,1.1938499999999999
7.5,48,L,5.98,-0.866,0.074545,0.0028
7.5,49,S,5.68,0.706,0.09378,0.2519
7.5,50,C,5.07,-1.357,0.09406,0.03165
7.5,51,A,6.0,1.237,0.11141000000000001,0.4718
7.5,52,Y,5.66,-0.443,0.113615,0.55095
7.5,53,S,5.68,-0.36,0.152665,0.8634000000000001
7.5,54,G,5.97,0.377,0.15889,0.74845
7.5,55,F,5.48,-0.606,0.137565,0.29805000000000004
7.5,56,S,5.68,0.639,0.171025,0.82645
7.5,57,S,5.68,0.804,0.1645,0.9776999999999999
7.5,58,P,6.3,0.756,0.13311,0.43695000000000006
7.5,59,R,10.76,-1.271,0.12100999999999999,0.7098
7.5,60,V,5.96,0.061,0.091045,0.0247
7.5,61,E,3.22,-1.266,0.097165,0.18995
7.5,62,W,5.89,-1.266,0.06381,0.0038
7.5,63,K,9.74,-1.169,0.11552,0.6285499999999999
7.5,64,F,5.48,-0.651,0.10281,0.0732
7.5,65,D,2.77,0.246,0.14877,0.67135
7.5,66,Q,5.65,3.006,0.20606,0.8130499999999999
7.5,67,G,5.97,0.819,0.21729500000000002,0.6912
7.5,68,D,2.77,0.667,0.264565,1.589
7.5,69,T,5.6,-0.164,0.220215,0.9004
7.5,70,T,5.6,-0.193,0.155835,0.6663
7.5,71,R,10.76,0.869,0.15434,1.27125
7.5,72,L,5.98,-0.264,0.12220500000000001,0.7813000000000001
7.5,73,V,5.96,-0.673,0.081315,0.00115
7.5,74,C,5.07,0.174,0.07944,0.0002
7.5,75,Y,5.66,0.047,0.13329,1.26675
7.5,76,N,5.41,0.48,0.12381,0.7448
7.5,77,N,5.41,0.933,0.112075,0.56635
7.5,78,K,9.74,0.398,0.156965,1.60365
7.5,79,I,6.02,0.467,0.09509999999999999,0.21305000000000002
7.5,80,T,5.6,-1.039,0.10589,0.2993
7.5,81,A,6.0,1.503,0.136685,0.9553499999999999
7.5,82,S,5.68,1.5,0.138645,1.042
7.5,83,Y,5.66,-0.955,0.101755,0.1913
7.5,84,E,3.22,0.966,0.14595,1.0997999999999999
7.5,85,D,2.77,1.917,0.158725,1.3754
7.5,86,R,10.76,-1.274,0.10460499999999999,0.6748999999999999
7.5,87,V,5.96,-0.618,0.08595,0.03855
7.5,88,T,5.6,0.497,0.106955,0.69245
7.5,89,F,5.48,0.744,0.102745,0.5622499999999999
7.5,90,L,5.98,0.291,0.124885,0.77095
7.5,91,P,6.3,2.635,0.12833,0.94205
7.5,92,T,5.6,0.756,0.12796000000000002,0.7727
7.5,93,G,5.97,-0.302,0.07984,0.01685
7.5,94,I,6.02,-0.975,0.064685,0.0008
7.5,95,T,5.6,-0.048,0.08502,0.32415
7.5,96,F,5.48,-0.618,0.09633,0.00785
7.5,97,K,9.74,1.175,0.138905,1.2493
7.5,98,S,5.68,-0.26,0.110575,0.59105
7.5,99,V,5.96,-0.856,0.09018499999999999,0.0035000000000000005
7.5,100,T,5.6,-1.049,0.109285,0.52935
7.5,101,R,10.76,-0.978,0.12072000000000001,0.9837999999999999
7.5,102,E,3.22,0.623,0.15816,1.41645
7.5,103,D,2.77,-1.371,0.09187,0.08775
7.5,104,T,5.6,-0.389,0.11049500000000001,0.40569999999999995
7.5,105,G,5.97,-1.286,0.101495,0.1454
7.5,106,T,5.6,1.326,0.10701000000000001,0.36305
7.5,107,Y,5.66,-1.272,0.076595,0.0048000000000000004
7.5,108,T,5.6,0.055,0.090475,0.0469
7.5,109,C,5.07,-1.358,0.07356,0.00135
7.5,110,M,5.74,-0.872,0.097075,0.18885000000000002
7.5,111,V,5.96,-1.249,0.099055,0.0
7.5,112,S,5.68,-0.731,0.11688000000000001,0.11385
7.5,113,E,3.22,0.155,0.16233,0.32365
7.5,114,E,3.22,1.697,0.22399,1.29535
7.5,115,G,5.97,0.863,0.194315,0.8125
7.5,116,G,5.97,0.914,0.18533,0.5406
7.5,117,N,5.41,0.874,0.20043000000000002,1.1622999999999999
7.5,118,S,5.68,1.257,0.161795,0.59895
7.5,119,Y,5.66,0.161,0.13198000000000001,1.2949
7.5,120,G,5.97,1.377,0.11034999999999999,0.11365
7.5,121,E,3.22,-0.635,0.131465,0.7125
7.5,122,V,5.96,0.629,0.103635,0.2313
7.5,123,K,9.74,1.064,0.12861499999999998,1.1843499999999998
7.5,124,V,5.96,-0.699,0.08863499999999999,0.0012000000000000001
7.5,125,K,9.74,1.276,0.14503,1.0309
7.5,126,L,5.98,-1.089,0.086205,0.00315
7.5,127,I,6.02,0.368,0.11255,0.20935
7.5,128,V,5.96,-1.381,0.09967000000000001,0.0010500000000000002
7.5,129,L,5.98,-0.743,0.10959,0.21815
7.5,130,V,5.96,-1.411,0.103545,0.0846
7.5,131,P,6.3,-0.681,0.098465,0.59155
7.5,132,P,6.3,-1.165,0.086605,0.0606
7.5,133,S,5.68,-0.77,0.086455,0.3157
7.5,134,K,9.74,0.374,0.12571,1.2974999999999999
7.5,135,P,6.3,-1.377,0.08221,0.03155
7.5,136,T,5.6,0.721,0.12227999999999999,0.87035
7.5,137,V,5.96,-0.718,0.09875500000000001,0.1619
7.5,138,N,5.41,0.516,0.134495,0.8941000000000001
7.5,139,I,6.02,-0.465,0.13945000000000002,0.43825000000000003
7.5,140,P,6.3,-1.377,0.151315,0.43015
7.5,141,S,5.68,-0.097,0.2083,1.29235
7.5,142,S,5.68,-1.075,0.22186499999999998,1.0939999999999999
7.5,143,A,6.0,-0.792,0.1706,0.35635
7.5,144,T,5.6,-0.888,0.18562499999999998,0.8496499999999999
7.5,145,I,6.02,-0.987,0.16606,0.9911
7.5,146,G,5.97,-0.615,0.15676,0.5068
7.5,147,N,5.41,0.478,0.17979,0.9185000000000001
7.5,148,R,10.76,1.567,0.173875,1.6154499999999998
7.5,149,A,6.0,0.038,0.114425,0.039150000000000004
7.5,150,V,5.96,0.935,0.122115,0.7525999999999999
7.5,151,L,5.98,-1.209,0.10372999999999999,0.00045000000000000004
7.5,152,T,5.6,0.16,0.110395,0.49515000000000003
7.5,153,C,5.07,-1.357,0.08896499999999999,0.034999999999999996
7.5,154,S,5.68,0.751,0.10220500000000002,0.4723
7.5,155,E,3.22,-1.299,0.094945,0.13855
7.5,156,Q,5.65,2.036,0.1681,1.55125
7.5,157,D,2.77,0.454,0.12314,0.6314
7.5,158,G,5.97,-0.345,0.104895,0.12204999999999999
7.5,159,S,5.68,-1.118,0.11642999999999999,0.18055000000000002
7.5,160,P,6.3,-1.377,0.12097,0.29715
7.5,161,P,6.3,-0.204,0.12067000000000001,1.23385
7.5,162,S,5.68,-0.297,0.09119,0.04895
7.5,163,E,3.22,-0.276,0.124895,0.8538
7.5,164,Y,5.66,-0.894,0.0793,0.17595
7.5,165,T,5.6,1.155,0.081955,0.30845
7.5,166,W,5.89,-1.354,0.06343499999999999,0.0039
7.5,167,F,5.48,0.391,0.085185,0.46945
7.5,168,K,9.74,-0.529,0.097345,0.25525
7.5,169,D,2.77,-0.134,0.130235,0.85275
7.5,170,G,5.97,1.091,0.12408999999999999,0.68465
7.5,171,I,6.02,0.819,0.128635,0.99415
7.5,172,V,5.96,1.513,0.099615,0.77285
7.5,173,M,5.74,-0.768,0.08018499999999999,0.0618
7.5,174,P,6.3,-0.64,0.10508500000000001,0.3976
7.5,175,T,5.6,1.671,0.131355,0.81325
7.5,176,N,5.41,0.13,0.15548,0.8582000000000001
7.5,177,P,6.3,-1.032,0.13915,0.1692
7.5,178,K,9.74,-0.493,0.213925,1.6324
7.5,179,S,5.68,0.725,0.191045,0.88475
7.5,180,T,5.6,0.06,0.172465,0.4039
7.5,181,R,10.76,0.399,0.251805,2.3294
7.5,182,A,6.0,1.134,0.16463,0.7746999999999999
7.5,183,F,5.48,-0.644,0.13846,0.2285
7.5,184,S,5.68,0.078,0.16682000000000002,0.55885
7.5,185,N,5.41,-1.372,0.17036,1.43655
7.5,186,S,5.68,-0.459,0.113235,0.11095
7.5,187,S,5.68,-1.248,0.12442500000000001,0.518
7.5,188,Y,5.66,-1.274,0.09393,0.1135
7.5,189,V,5.96,0.51,0.116295,0.89355
7.5,190,L,5.98,0.261,0.10081500000000002,0.11245000000000001
7.5,191,N,5.41,-0.723,0.12525999999999998,0.63735
7.5,192,P,6.3,2.844,0.106365,0.42785
7.5,193,T,5.6,1.477,0.13639,0.97055
7.5,194,T,5.6,0.055,0.12258500000000001,0.86295
7.5,195,G,5.97,-1.28,0.09657,0.0015
7.5,196,E,3.22,-0.038,0.131405,0.73595
7.5,197,L,5.98,-1.337,0.083145,0.0016
7.5,198,V,5.96,0.718,0.108115,0.3215
7.5,199,F,5.48,-1.208,0.095485,0.007149999999999999
7.5,200,D,2.77,0.273,0.14686,0.5659
7.5,201,P,6.3,0.642,0.13561,0.70035
7.5,202,L,5.98,0.101,0.11782,0.0247
7.5,203,S,5.68,0.953,0.11916500000000001,0.38115
7.5,204,A,6.0,-0.43,0.14335,0.7311
7.5,205,S,5.68,2.02,0.13888499999999998,0.91645
7.5,206,D,2.77,-1.374,0.10058,0.047450000000000006
7.5,207,T,5.6,0.122,0.127245,0.5366
7.5,208,G,5.97,-0.86,0.106285,0.12695
7.5,209,E,3.22,0.245,0.12883,0.7595
7.5,210,Y,5.66,-1.275,0.08203,0.00245
7.5,211,S,5.68,1.045,0.06956999999999999,0.17004999999999998
7.5,212,C,5.07,-1.358,0.07022500000000001,0.00030000000000000003
7.5,213,E,3.22,-0.656,0.08177999999999999,0.33340000000000003
7.5,214,A,6.0,-0.967,0.068105,0.00015000000000000001
7.5,215,R,10.76,1.383,0.111955,1.01785
7.5,216,N,5.41,-1.421,0.098745,0.26215
7.5,217,G,5.97,0.906,0.11348499999999999,0.79615
7.5,218,Y,5.66,-0.272,0.10524,0.8892
7.5,219,G,5.97,-1.191,0.10346,0.48605
7.5,220,T,5.6,1.816,0.11892499999999999,1.0443
7.5,221,P,6.3,0.826,0.091135,0.61715
7.5,222,M,5.74,-0.463,0.096385,0.63915
7.5,223,T,5.6,0.551,0.09389499999999999,0.69645
7.5,224,S,5.68,-0.945,0.07943,0.12545
7.5,225,N,5.41,1.035,0.13256,1.24285
7.5,226,A,6.0,0.672,0.10698,0.5376000000000001
7.5,227,V,5.96,1.066,0.11464,0.4305
7.5,228,R,10.76,1.129,0.16344,1.7287
7.5,229,M,5.74,-1.254,0.14014,0.5314
8.0,30,T,5.6,1.19,0.17381,1.2468
8.0,31,V,5.96,-0.753,0.120525,0.13620000000000002
8.0,32,H,7.95,0.417,0.150845,1.0805500000000001
8.0,33,S,5.68,-0.352,0.112015,0.1928
8.0,34,S,5.68,0.388,0.13894,1.00245
8.0,35,E,3.22,0.879,0.155585,1.0146
8.0,36,P,6.3,2.332,0.12243,0.8795999999999999
8.0,37,E,3.22,1.651,0.130525,0.8109999999999999
8.0,38,V,5.96,-0.06,0.08471999999999999,0.18919999999999998
8.0,39,R,10.76,1.044,0.12439,1.3772
8.0,40,I,6.02,-1.014,0.088895,0.3387
8.0,41,P,6.3,0.672,0.092165,0.4527
8.0,42,E,3.22,-1.231,0.1022,0.43235
8.0,43,N,5.41,-0.899,0.12334,1.08835
8.0,44,N,5.41,0.829,0.10262,0.57585
8.0,45,P,6.3,0.852,0.09131500000000001,0.9208500000000001
8.0,46,V,5.96,0.109,0.07699500000000001,0.12974999999999998
8.0,47,K,9.74,-0.38,0.124515,1.2653
8.0,48,L,5.98,-0.866,0.07489,0.004399999999999999
8.0,49,S,5.68,0.706,0.091775,0.27795000000000003
8.0,50,C,5.07,-1.357,0.09415,0.0344
8.0,51,A,6.0,1.237,0.11244000000000001,0.46005
8.0,52,Y,5.66,-0.443,0.116375,0.56305
8.0,53,S,5.68,-0.36,0.161615,0.89405
8.0,54,G,5.97,0.377,0.17341,0.75415
8.0,55,F,5.48,-0.606,0.147765,0.3429
8.0,56,S,5.68,0.639,0.186615,1.05105
8.0,57,S,5.68,0.804,0.16432,0.8689500000000001
8.0,58,P,6.3,0.756,0.12957000000000002,0.3807
8.0,59,R,10.76,-1.271,0.11605499999999999,0.55955
8.0,60,V,5.96,0.061,0.086605,0.0153
8.0,61,E,3.22,-1.266,0.094975,0.1736
8.0,62,W,5.89,-1.266,0.0615,0.0014
8.0,63,K,9.74,-1.169,0.11784000000000001,0.60195
8.0,64,F,5.48,-0.651,0.09899,0.0631
8.0,65,D,2.77,0.246,0.13447499999999998,0.43899999999999995
8.0,66,Q,5.65,3.006,0.161635,0.8355
8.0,67,G,5.97,0.819,0.18919000000000002,0.709
8.0,68,D,2.77,0.667,0.24134000000000003,1.6563500000000002
8.0,69,T,5.6,-0.164,0.203895,0.80885
8.0,70,T,5.6,-0.193,0.15293,0.8270500000000001
8.0,71,R,10.76,0.869,0.157945,1.173
8.0,72,L,5.98,-0.264,0.11739,0.80855
8.0,73,V,5.96,-0.673,0.08283,0.00025
8.0,74,C,5.07,0.174,0.08025499999999999,0.00045000000000000004
8.0,75,Y,5.66,0.047,0.12969,1.2943
8.0,76,N,5.41,0.48,0.12032000000000001,0.70705
8.0,77,N,5.41,0.933,0.10921,0.56025
8.0,78,K,9.74,0.398,0.15563500000000002,1.6034
8.0,79,I,6.02,0.467,0.098885,0.22044999999999998
8.0,80,T,5.6,-1.039,0.10994,0.28145
8.0,81,A,6.0,1.503,0.13429,0.9511
8.0,82,S,5.68,1.5,0.134565,0.99515
8.0,83,Y,5.66,-0.955,0.098055,0.13720000000000002
8.0,84,E,3.22,0.966,0.14993499999999998,1.12515
8.0,85,D,2.77,1.917,0.16226000000000002,1.3689
8.0,86,R,10.76,-1.274,0.097395,0.67145
8.0,87,V,5.96,-0.618,0.088225,0.04
8.0,88,T,5.6,0.497,0.11080000000000001,0.7
8.0,89,F,5.48,0.744,0.10053000000000001,0.52295
8.0,90,L,5.98,0.291,0.134965,0.90945
8.0,91,P,6.3,2.635,0.12681,0.8168
8.0,92,T,5.6,0.756,0.121655,0.76375
8.0,93,G,5.97,-0.302,0.083515,0.01915
8.0,94,I,6.02,-0.975,0.06778999999999999,0.0002
8.0,95,T,5.6,-0.048,0.084775,0.32625000000000004
8.0,96,F,5.48,-0.618,0.084925,0.005849999999999999
8.0,97,K,9.74,1.175,0.145005,1.3532
8.0,98,S,5.68,-0.26,0.10081999999999999,0.48
8.0,99,V,5.96,-0.856,0.08713,0.0005499999999999999
8.0,100,T,5.6,-1.049,0.107245,0.50805
8.0,101,R,10.76,-0.978,0.11381000000000001,1.0176
8.0,102,E,3.22,0.623,0.146745,1.4298
8.0,103,D,2.77,-1.371,0.08395,0.0696
8.0,104,T,5.6,-0.389,0.10003500000000001,0.27735
8.0,105,G,5.97,-1.286,0.09289,0.07830000000000001
8.0,106,T,5.6,1.326,0.10547500000000001,0.38130000000000003
8.0,107,Y,5.66,-1.272,0.07275000000000001,0.0018000000000000002
8.0,108,T,5.6,0.055,0.088625,0.0215
8.0,109,C,5.07,-1.358,0.070565,0.00030000000000000003
8.0,110,M,5.74,-0.872,0.092865,0.2186
8.0,111,V,5.96,-1.249,0.09747,0.0002
8.0,112,S,5.68,-0.731,0.11021,0.0895
8.0,113,E,3.22,0.155,0.15954,0.37665
8.0,114,E,3.22,1.697,0.197635,1.25745
8.0,115,G,5.97,0.863,0.18567499999999998,0.8054
8.0,116,G,5.97,0.914,0.17479,0.59215
8.0,117,N,5.41,0.874,0.182895,0.943
8.0,118,S,5.68,1.257,0.15292,0.72485
8.0,119,Y,5.66,0.161,0.13286,1.3411
8.0,120,G,5.97,1.377,0.11210499999999998,0.11839999999999999
8.0,121,E,3.22,-0.635,0.134905,0.74755
8.0,122,V,5.96,0.629,0.10223499999999999,0.25225
8.0,123,K,9.74,1.064,0.12491000000000001,1.114
8.0,124,V,5.96,-0.699,0.08677,0.00395
8.0,125,K,9.74,1.276,0.12897,0.9541000000000001
8.0,126,L,5.98,-1.089,0.07955,0.00245
8.0,127,I,6.02,0.368,0.10608500000000001,0.22555
8.0,128,V,5.96,-1.381,0.09076999999999999,0.0001
8.0,129,L,5.98,-0.743,0.09861,0.2103
8.0,130,V,5.96,-1.411,0.09932,0.07275000000000001
8.0,131,P,6.3,-0.681,0.09595000000000001,0.60235
8.0,132,P,6.3,-1.165,0.08731,0.0637
8.0,133,S,5.68,-0.77,0.08967,0.33940000000000003
8.0,134,K,9.74,0.374,0.14356,1.3534000000000002
8.0,135,P,6.3,-1.377,0.08949,0.0385
8.0,136,T,5.6,0.721,0.119665,0.9134
8.0,137,V,5.96,-0.718,0.103505,0.20895000000000002
8.0,138,N,5.41,0.516,0.14058500000000002,0.8846
8.0,139,I,6.02,-0.465,0.154195,1.1618499999999998
8.0,140,P,6.3,-1.377,0.13905499999999998,0.22690000000000002
8.0,141,S,5.68,-0.097,0.19781500000000002,0.9324
8.0,142,S,5.68,-1.075,0.194025,0.93405
8.0,143,A,6.0,-0.792,0.14995,0.37035
8.0,144,T,5.6,-0.888,0.16660999999999998,0.8304
8.0,145,I,6.02,-0.987,0.15590500000000002,1.03665
8.0,146,G,5.97,-0.615,0.1487,0.5178499999999999
8.0,147,N,5.41,0.478,0.17224,0.8629
8.0,148,R,10.76,1.567,0.16784,1.60425
8.0,149,A,6.0,0.038,0.10987499999999999,0.026500000000000003
8.0,150,V,5.96,0.935,0.11531500000000001,0.70695
8.0,151,L,5.98,-1.209,0.098585,0.00445
8.0,152,T,5.6,0.16,0.106715,0.458
8.0,153,C,5.07,-1.357,0.09337999999999999,0.01245
8.0,154,S,5.68,0.751,0.104355,0.40875000000000006
8.0,155,E,3.22,-1.299,0.094835,0.11439999999999999
8.0,156,Q,5.65,2.036,0.168245,1.6299
8.0,157,D,2.77,0.454,0.132905,0.6981499999999999
8.0,158,G,5.97,-0.345,0.10359499999999999,0.10455
8.0,159,S,5.68,-1.118,0.11165,0.15460000000000002
8.0,160,P,6.3,-1.377,0.11435999999999999,0.353
8.0,161,P,6.3,-0.204,0.11482999999999999,1.2182
8.0,162,S,5.68,-0.297,0.09176,0.04795
8.0,163,E,3.22,-0.276,0.13177,0.9906499999999999
8.0,164,Y,5.66,-0.894,0.07951,0.154
8.0,165,T,5.6,1.155,0.076545,0.4037
8.0,166,W,5.89,-1.354,0.06502,0.0062
8.0,167,F,5.48,0.391,0.087925,0.45054999999999995
8.0,168,K,9.74,-0.529,0.092625,0.3791
8.0,169,D,2.77,-0.134,0.11349000000000001,0.7982
8.0,170,G,5.97,1.091,0.11884999999999998,0.65145
8.0,171,I,6.02,0.819,0.13106,1.0859
8.0,172,V,5.96,1.513,0.10654,0.8130000000000001
8.0,173,M,5.74,-0.768,0.082065,0.07165
8.0,174,P,6.3,-0.64,0.11776500000000001,0.37225
8.0,175,T,5.6,1.671,0.14279999999999998,0.83195
8.0,176,N,5.41,0.13,0.158855,0.8932499999999999
8.0,177,P,6.3,-1.032,0.132775,0.12685
8.0,178,K,9.74,-0.493,0.197625,1.4963000000000002
8.0,179,S,5.68,0.725,0.18909,0.8053000000000001
8.0,180,T,5.6,0.06,0.171925,0.5789500000000001
8.0,181,R,10.76,0.399,0.24876,2.3499
8.0,182,A,6.0,1.134,0.15215499999999998,0.8286
8.0,183,F,5.48,-0.644,0.11985000000000001,0.1793
8.0,184,S,5.68,0.078,0.16016999999999998,0.40590000000000004
8.0,185,N,5.41,-1.372,0.16570000000000001,1.3983
8.0,186,S,5.68,-0.459,0.11261000000000002,0.09615
8.0,187,S,5.68,-1.248,0.123925,0.47585
8.0,188,Y,5.66,-1.274,0.10269500000000001,0.11939999999999999
8.0,189,V,5.96,0.51,0.12997,0.9651500000000001
8.0,190,L,5.98,0.261,0.11334,0.14350000000000002
8.0,191,N,5.41,-0.723,0.127745,0.6431
8.0,192,P,6.3,2.844,0.108415,0.46040000000000003
8.0,193,T,5.6,1.477,0.139735,0.9541000000000001
8.0,194,T,5.6,0.055,0.12396,0.727
8.0,195,G,5.97,-1.28,0.090995,0.0005
8.0,196,E,3.22,-0.038,0.13127,0.7534500000000001
8.0,197,L,5.98,-1.337,0.083155,0.0
8.0,198,V,5.96,0.718,0.10971500000000001,0.34165
8.0,199,F,5.48,-1.208,0.096855,0.0056
8.0,200,D,2.77,0.273,0.143575,0.5102
8.0,201,P,6.3,0.642,0.13177,0.7201
8.0,202,L,5.98,0.101,0.111645,0.028999999999999998
8.0,203,S,5.68,0.953,0.11652,0.35825
8.0,204,A,6.0,-0.43,0.14020000000000002,0.7321500000000001
8.0,205,S,5.68,2.02,0.13329,0.8924
8.0,206,D,2.77,-1.374,0.096885,0.03735
8.0,207,T,5.6,0.122,0.127725,0.6683
8.0,208,G,5.97,-0.86,0.10411999999999999,0.1551
8.0,209,E,3.22,0.245,0.130465,0.9667999999999999
8.0,210,Y,5.66,-1.275,0.07414000000000001,0.0032500000000000003
8.0,211,S,5.68,1.045,0.06659000000000001,0.19039999999999999
8.0,212,C,5.07,-1.358,0.062,0.0005499999999999999
8.0,213,E,3.22,-0.656,0.08333,0.326
8.0,214,A,6.0,-0.967,0.06787,0.0001
8.0,215,R,10.76,1.383,0.11818500000000001,1.15655
8.0,216,N,5.41,-1.421,0.092445,0.257
8.0,217,G,5.97,0.906,0.10464500000000002,0.7189
8.0,218,Y,5.66,-0.272,0.104925,0.8904500000000001
8.0,219,G,5.97,-1.191,0.100355,0.50195
8.0,220,T,5.6,1.816,0.116195,1.0429
8.0,221,P,6.3,0.826,0.08853,0.53555
8.0,222,M,5.74,-0.463,0.09360500000000001,0.63925
8.0,223,T,5.6,0.551,0.09931,0.70565
8.0,224,S,5.68,-0.945,0.07362500000000001,0.09475
8.0,225,N,5.41,1.035,0.119665,1.1117000000000001
8.0,226,A,6.0,0.672,0.105195,0.6369
8.0,227,V,5.96,1.066,0.102555,0.2156
8.0,228,R,10.76,1.129,0.15283,1.6611
8.0,229,M,5.74,-1.254,0.129945,0.41
8.5,30,T,5.6,1.19,0.1933,1.24855
8.5,31,V,5.96,-0.753,0.13096000000000002,0.19275
8.5,32,H,7.95,0.417,0.16011999999999998,1.04295
8.5,33,S,5.68,-0.352,0.114985,0.16045
8.5,34,S,5.68,0.388,0.14193,0.9766
8.5,35,E,3.22,0.879,0.15641,0.9945499999999999
8.5,36,P,6.3,2.332,0.12765500000000002,0.84465
8.5,37,E,3.22,1.651,0.13316999999999998,0.77505
8.5,38,V,5.96,-0.06,0.091695,0.17099999999999999
8.5,39,R,10.76,1.044,0.11591,1.34955
8.5,40,I,6.02,-1.014,0.09,0.3274
8.5,41,P,6.3,0.672,0.10059,0.4136
8.5,42,E,3.22,-1.231,0.126795,0.6444
8.5,43,N,5.41,-0.899,0.130305,1.10405
8.5,44,N,5.41,0.829,0.10575999999999999,0.5818
8.5,45,P,6.3,0.852,0.09542,0.9079
8.5,46,V,5.96,0.109,0.073195,0.13145
8.5,47,K,9.74,-0.38,0.133125,1.2568
8.5,48,L,5.98,-0.866,0.080515,0.0030499999999999998
8.5,49,S,5.68,0.706,0.095435,0.2406
8.5,50,C,5.07,-1.357,0.098645,0.02965
8.5,51,A,6.0,1.237,0.12191,0.44295
8.5,52,Y,5.66,-0.443,0.12715,0.5317999999999999
8.5,53,S,5.68,-0.36,0.16876,0.82965
8.5,54,G,5.97,0.377,0.16979,0.7497
8.5,55,F,5.48,-0.606,0.143445,0.31195
8.5,56,S,5.68,0.639,0.172325,1.122
8.5,57,S,5.68,0.804,0.157985,0.73285
8.5,58,P,6.3,0.756,0.12763,0.4447
8.5,59,R,10.76,-1.271,0.115455,0.54405
8.5,60,V,5.96,0.061,0.088995,0.01795
8.5,61,E,3.22,-1.266,0.09577,0.18725
8.5,62,W,5.89,-1.266,0.062439999999999996,0.0015
8.5,63,K,9.74,-1.169,0.117265,0.59775
8.5,64,F,5.48,-0.651,0.103105,0.14375
8.5,65,D,2.77,0.246,0.14638,0.5146
8.5,66,Q,5.65,3.006,0.18042,0.9993000000000001
8.5,67,G,5.97,0.819,0.19507,0.55765
8.5,68,D,2.77,0.667,0.236375,1.4395
8.5,69,T,5.6,-0.164,0.19875,0.8204499999999999
8.5,70,T,5.6,-0.193,0.14926999999999999,0.7565500000000001
8.5,71,R,10.76,0.869,0.159855,1.23045
8.5,72,L,5.98,-0.264,0.107625,0.78725
8.5,73,V,5.96,-0.673,0.07843,0.0021000000000000003
8.5,74,C,5.07,0.174,0.07577,0.0
8.5,75,Y,5.66,0.047,0.12842,1.2837
8.5,76,N,5.41,0.48,0.125255,0.71265
8.5,77,N,5.41,0.933,0.11489,0.5587
8.5,78,K,9.74,0.398,0.16238999999999998,1.61965
8.5,79,I,6.02,0.467,0.093215,0.22395
8.5,80,T,5.6,-1.039,0.1026,0.28795000000000004
8.5,81,A,6.0,1.503,0.132585,0.9616
8.5,82,S,5.68,1.5,0.13271,0.9803499999999999
8.5,83,Y,5.66,-0.955,0.09862499999999999,0.2476
8.5,84,E,3.22,0.966,0.149115,1.1128
8.5,85,D,2.77,1.917,0.156115,1.31395
8.5,86,R,10.76,-1.274,0.103355,0.7263499999999999
8.5,87,V,5.96,-0.618,0.08616,0.03305
8.5,88,T,5.6,0.497,0.11027,0.6834
8.5,89,F,5.48,0.744,0.098485,0.52515
8.5,90,L,5.98,0.291,0.128115,0.8605499999999999
8.5,91,P,6.3,2.635,0.12475,0.85115
8.5,92,T,5.6,0.756,0.122785,0.7729
8.5,93,G,5.97,-0.302,0.08609,0.02185
8.5,94,I,6.02,-0.975,0.06833,0.00255
8.5,95,T,5.6,-0.048,0.08495,0.32189999999999996
8.5,96,F,5.48,-0.618,0.093675,0.01315
8.5,97,K,9.74,1.175,0.14454,1.26845
8.5,98,S,5.68,-0.26,0.10524,0.5317000000000001
8.5,99,V,5.96,-0.856,0.09111,0.001
8.5,100,T,5.6,-1.049,0.106895,0.53235
8.5,101,R,10.76,-0.978,0.11936500000000001,0.9875
8.5,102,E,3.22,0.623,0.155745,1.4955500000000002
8.5,103,D,2.77,-1.371,0.09033,0.10064999999999999
8.5,104,T,5.6,-0.389,0.10498,0.38980000000000004
8.5,105,G,5.97,-1.286,0.096235,0.08295
8.5,106,T,5.6,1.326,0.11313,0.3584
8.5,107,Y,5.66,-1.272,0.07594999999999999,0.009049999999999999
8.5,108,T,5.6,0.055,0.093955,0.03855
8.5,109,C,5.07,-1.358,0.078235,0.0001
8.5,110,M,5.74,-0.872,0.09543,0.197
8.5,111,V,5.96,-1.249,0.10279,0.00030000000000000003
8.5,112,S,5.68,-0.731,0.11089500000000001,0.10685
8.5,113,E,3.22,0.155,0.15718000000000001,0.3285
8.5,114,E,3.22,1.697,0.19913,1.15405
8.5,115,G,5.97,0.863,0.19713,0.8109999999999999
8.5,116,G,5.97,0.914,0.18894,0.65675
8.5,117,N,5.41,0.874,0.191045,1.01795
8.5,118,S,5.68,1.257,0.15649,0.66845
8.5,119,Y,5.66,0.161,0.13667,1.37555
8.5,120,G,5.97,1.377,0.116595,0.1275
8.5,121,E,3.22,-0.635,0.13795,0.80755
8.5,122,V,5.96,0.629,0.111635,0.23890000000000003
8.5,123,K,9.74,1.064,0.139635,1.2096
8.5,124,V,5.96,-0.699,0.09207,0.0017500000000000003
8.5,125,K,9.74,1.276,0.12600499999999998,0.9794499999999999
8.5,126,L,5.98,-1.089,0.084485,0.0024000000000000002
8.5,127,I,6.02,0.368,0.10818000000000001,0.17204999999999998
8.5,128,V,5.96,-1.381,0.095315,0.00215
8.5,129,L,5.98,-0.743,0.10601000000000001,0.2164
8.5,130,V,5.96,-1.411,0.10204500000000001,0.10215
8.5,131,P,6.3,-0.681,0.096635,0.58915
8.5,132,P,6.3,-1.165,0.0881,0.0625
8.5,133,S,5.68,-0.77,0.090805,0.31455
8.5,134,K,9.74,0.374,0.12786,1.2355
8.5,135,P,6.3,-1.377,0.082925,0.027600000000000003
8.5,136,T,5.6,0.721,0.12061999999999999,0.8269500000000001
8.5,137,V,5.96,-0.718,0.093725,0.11325
8.5,138,N,5.41,0.516,0.126385,0.8589
8.5,139,I,6.02,-0.465,0.119615,0.52425
8.5,140,P,6.3,-1.377,0.12969999999999998,0.3747
8.5,141,S,5.68,-0.097,0.19805999999999999,1.2753999999999999
8.5,142,S,5.68,-1.075,0.20525500000000002,1.12625
8.5,143,A,6.0,-0.792,0.154175,0.38235
8.5,144,T,5.6,-0.888,0.1661,0.8909
8.5,145,I,6.02,-0.987,0.145775,1.0099
8.5,146,G,5.97,-0.615,0.14584,0.49955
8.5,147,N,5.41,0.478,0.166275,0.9050499999999999
8.5,148,R,10.76,1.567,0.170675,1.6674
8.5,149,A,6.0,0.038,0.11206,0.046799999999999994
8.5,150,V,5.96,0.935,0.115955,0.81325
8.5,151,L,5.98,-1.209,0.09133,0.00095
8.5,152,T,5.6,0.16,0.10908999999999999,0.52565
8.5,153,C,5.07,-1.357,0.082065,0.0193
8.5,154,S,5.68,0.751,0.10128,0.46125
8.5,155,E,3.22,-1.299,0.09803500000000001,0.1532
8.5,156,Q,5.65,2.036,0.19441,1.64235
8.5,157,D,2.77,0.454,0.130475,0.66115
8.5,158,G,5.97,-0.345,0.10828,0.1139
8.5,159,S,5.68,-1.118,0.11581,0.2355
8.5,160,P,6.3,-1.377,0.11610000000000001,0.2681
8.5,161,P,6.3,-0.204,0.11410000000000001,1.19865
8.5,162,S,5.68,-0.297,0.08776500000000001,0.03655
8.5,163,E,3.22,-0.276,0.12218500000000002,0.92805
8.5,164,Y,5.66,-0.894,0.07514499999999999,0.1642
8.5,165,T,5.6,1.155,0.068445,0.44715
8.5,166,W,5.89,-1.354,0.061675,0.0057
8.5,167,F,5.48,0.391,0.08613499999999999,0.4753
8.5,168,K,9.74,-0.529,0.08517,0.24985
8.5,169,D,2.77,-0.134,0.10058,0.7843
8.5,170,G,5.97,1.091,0.10665499999999999,0.69345
8.5,171,I,6.02,0.819,0.117085,0.97875
8.5,172,V,5.96,1.513,0.094255,0.8051
8.5,173,M,5.74,-0.768,0.079435,0.0638
8.5,174,P,6.3,-0.64,0.104775,0.43305
8.5,175,T,5.6,1.671,0.12828,0.80715
8.5,176,N,5.41,0.13,0.1585,0.9378
8.5,177,P,6.3,-1.032,0.143625,0.17885
8.5,178,K,9.74,-0.493,0.225645,1.57935
8.5,179,S,5.68,0.725,0.208515,1.16225
8.5,180,T,5.6,0.06,0.1714,0.42455
8.5,181,R,10.76,0.399,0.243575,2.4026
8.5,182,A,6.0,1.134,0.153315,0.7088
8.5,183,F,5.48,-0.644,0.122445,0.16855
8.5,184,S,5.68,0.078,0.15521000000000001,0.71315
8.5,185,N,5.41,-1.372,0.15946500000000002,1.4097
8.5,186,S,5.68,-0.459,0.10765500000000001,0.11445000000000001
8.5,187,S,5.68,-1.248,0.11857500000000001,0.47119999999999995
8.5,188,Y,5.66,-1.274,0.098245,0.11205000000000001
8.5,189,V,5.96,0.51,0.121225,0.9801
8.5,190,L,5.98,0.261,0.10517000000000001,0.1479
8.5,191,N,5.41,-0.723,0.118415,0.6458999999999999
8.5,192,P,6.3,2.844,0.100295,0.43695000000000006
8.5,193,T,5.6,1.477,0.128965,0.8868499999999999
8.5,194,T,5.6,0.055,0.114995,0.74405
8.5,195,G,5.97,-1.28,0.08826500000000001,0.00045000000000000004
8.5,196,E,3.22,-0.038,0.12427999999999999,0.7691
8.5,197,L,5.98,-1.337,0.08634,0.0
8.5,198,V,5.96,0.718,0.111205,0.34249999999999997
8.5,199,F,5.48,-1.208,0.09653500000000001,0.006750000000000001
8.5,200,D,2.77,0.273,0.14012,0.52025
8.5,201,P,6.3,0.642,0.13176000000000002,0.71435
8.5,202,L,5.98,0.101,0.11364,0.034
8.5,203,S,5.68,0.953,0.110125,0.3452
8.5,204,A,6.0,-0.43,0.12450999999999998,0.77
8.5,205,S,5.68,2.02,0.11706000000000001,0.7897000000000001
8.5,206,D,2.77,-1.374,0.09381500000000001,0.034050000000000004
8.5,207,T,5.6,0.122,0.107755,0.5662
8.5,208,G,5.97,-0.86,0.091165,0.10405
8.5,209,E,3.22,0.245,0.117675,0.78415
8.5,210,Y,5.66,-1.275,0.074935,0.0030499999999999998
8.5,211,S,5.68,1.045,0.06504,0.17025
8.5,212,C,5.07,-1.358,0.06264499999999999,0.0
8.5,213,E,3.22,-0.656,0.084275,0.31625000000000003
8.5,214,A,6.0,-0.967,0.068575,0.0
8.5,215,R,10.76,1.383,0.11100499999999999,1.20635
8.5,216,N,5.41,-1.421,0.09498999999999999,0.22139999999999999
8.5,217,G,5.97,0.906,0.10835999999999998,0.7527
8.5,218,Y,5.66,-0.272,0.106555,0.8932
8.5,219,G,5.97,-1.191,0.10367,0.47765
8.5,220,T,5.6,1.816,0.12316500000000001,1.03955
8.5,221,P,6.3,0.826,0.09062,0.56395
8.5,222,M,5.74,-0.463,0.10203,0.61905
8.5,223,T,5.6,0.551,0.09446,0.6527999999999999
8.5,224,S,5.68,-0.945,0.08082500000000001,0.08275
8.5,225,N,5.41,1.035,0.129685,1.1621000000000001
8.5,226,A,6.0,0.672,0.105775,0.6004
8.5,227,V,5.96,1.066,0.103375,0.4309
8.5,228,R,10.76,1.129,0.154365,1.7652999999999999
8.5,229,M,5.74,-1.254,0.119815,0.4267
9.0,30,T,5.6,1.19,0.185365,1.2663499999999999
9.0,31,V,5.96,-0.753,0.12456,0.2117
9.0,32,H,7.95,0.417,0.153935,1.01705
9.0,33,S,5.68,-0.352,0.10834999999999999,0.12995
9.0,34,S,5.68,0.388,0.13993,0.9599499999999999
9.0,35,E,3.22,0.879,0.15579,1.0606
9.0,36,P,6.3,2.332,0.11549000000000001,0.8257999999999999
9.0,37,E,3.22,1.651,0.12942,0.75435
9.0,38,V,5.96,-0.06,0.091585,0.1854
9.0,39,R,10.76,1.044,0.124165,1.3696
9.0,40,I,6.02,-1.014,0.097325,0.3277
9.0,41,P,6.3,0.672,0.10499499999999999,0.4236
9.0,42,E,3.22,-1.231,0.12717499999999998,0.62935
9.0,43,N,5.41,-0.899,0.132135,1.1137000000000001
9.0,44,N,5.41,0.829,0.11103,0.56765
9.0,45,P,6.3,0.852,0.09392500000000001,0.9179
9.0,46,V,5.96,0.109,0.081575,0.14725
9.0,47,K,9.74,-0.38,0.11520999999999999,1.2041499999999998
9.0,48,L,5.98,-0.866,0.076835,0.0026
9.0,49,S,5.68,0.706,0.09131500000000001,0.24955
9.0,50,C,5.07,-1.357,0.09875500000000001,0.02505
9.0,51,A,6.0,1.237,0.110335,0.3975
9.0,52,Y,5.66,-0.443,0.11435999999999999,0.54945
9.0,53,S,5.68,-0.36,0.150315,0.78825
9.0,54,G,5.97,0.377,0.15474000000000002,0.73325
9.0,55,F,5.48,-0.606,0.14242,0.30735
9.0,56,S,5.68,0.639,0.18263000000000001,1.1256499999999998
9.0,57,S,5.68,0.804,0.16786,0.8455
9.0,58,P,6.3,0.756,0.13135,0.41740000000000005
9.0,59,R,10.76,-1.271,0.121035,0.8046
9.0,60,V,5.96,0.061,0.09112,0.02375
9.0,61,E,3.22,-1.266,0.10216499999999999,0.18265
9.0,62,W,5.89,-1.266,0.062224999999999996,0.00165
9.0,63,K,9.74,-1.169,0.10162,0.5902499999999999
9.0,64,F,5.48,-0.651,0.09527,0.1041
9.0,65,D,2.77,0.246,0.12514,0.5002500000000001
9.0,66,Q,5.65,3.006,0.13549,0.80335
9.0,67,G,5.97,0.819,0.171715,0.6113999999999999
9.0,68,D,2.77,0.667,0.23410999999999998,1.67285
9.0,69,T,5.6,-0.164,0.18568,1.03475
9.0,70,T,5.6,-0.193,0.143575,0.7723
9.0,71,R,10.76,0.869,0.13609,1.03425
9.0,72,L,5.98,-0.264,0.11443,0.7396
9.0,73,V,5.96,-0.673,0.07617,0.00030000000000000003
9.0,74,C,5.07,0.174,0.07323500000000001,0.0006500000000000001
9.0,75,Y,5.66,0.047,0.12467999999999999,1.2839
9.0,76,N,5.41,0.48,0.12293000000000001,0.7657499999999999
9.0,77,N,5.41,0.933,0.111405,0.58365
9.0,78,K,9.74,0.398,0.153,1.5600999999999998
9.0,79,I,6.02,0.467,0.087065,0.21259999999999998
9.0,80,T,5.6,-1.039,0.09740499999999999,0.26715
9.0,81,A,6.0,1.503,0.12361,0.97395
9.0,82,S,5.68,1.5,0.127095,1.01865
9.0,83,Y,5.66,-0.955,0.09033,0.20655
9.0,84,E,3.22,0.966,0.13972500000000002,1.09015
9.0,85,D,2.77,1.917,0.14881,1.3288
9.0,86,R,10.76,-1.274,0.09232,0.7002499999999999
9.0,87,V,5.96,-0.618,0.078515,0.03145
9.0,88,T,5.6,0.497,0.104585,0.7027
9.0,89,F,5.48,0.744,0.09235,0.5610999999999999
9.0,90,L,5.98,0.291,0.122875,0.85045
9.0,91,P,6.3,2.635,0.113455,0.85635
9.0,92,T,5.6,0.756,0.11270499999999999,0.7555
9.0,93,G,5.97,-0.302,0.078545,0.01285
9.0,94,I,6.02,-0.975,0.06691,0.0002
9.0,95,T,5.6,-0.048,0.07679,0.32545
9.0,96,F,5.48,-0.618,0.08541499999999999,0.007149999999999999
9.0,97,K,9.74,1.175,0.13889,1.39025
9.0,98,S,5.68,-0.26,0.09933,0.484
9.0,99,V,5.96,-0.856,0.093695,0.00125
9.0,100,T,5.6,-1.049,0.11004499999999999,0.55865
9.0,101,R,10.76,-0.978,0.125065,1.0009000000000001
9.0,102,E,3.22,0.623,0.154565,1.48855
9.0,103,D,2.77,-1.371,0.0921,0.08695
9.0,104,T,5.6,-0.389,0.10848500000000001,0.40890000000000004
9.0,105,G,5.97,-1.286,0.097895,0.10115
9.0,106,T,5.6,1.326,0.106715,0.29055
9.0,107,Y,5.66,-1.272,0.07426,0.0045
9.0,108,T,5.6,0.055,0.08618,0.02855
9.0,109,C,5.07,-1.358,0.07449,0.00075
9.0,110,M,5.74,-0.872,0.090935,0.20455
9.0,111,V,5.96,-1.249,0.10283,0.00015000000000000001
9.0,112,S,5.68,-0.731,0.117395,0.0994
9.0,113,E,3.22,0.155,0.16984,0.24569999999999997
9.0,114,E,3.22,1.697,0.223565,1.42345
9.0,115,G,5.97,0.863,0.17503,0.90915
9.0,116,G,5.97,0.914,0.16893,0.46254999999999996
9.0,117,N,5.41,0.874,0.21856499999999998,1.3378999999999999
9.0,118,S,5.68,1.257,0.156625,0.46699999999999997
9.0,119,Y,5.66,0.161,0.134455,1.27335
9.0,120,G,5.97,1.377,0.115195,0.12284999999999999
9.0,121,E,3.22,-0.635,0.134085,0.828
9.0,122,V,5.96,0.629,0.1035,0.2512
9.0,123,K,9.74,1.064,0.12477,1.14455
9.0,124,V,5.96,-0.699,0.08534,0.0010999999999999998
9.0,125,K,9.74,1.276,0.14392,1.0151
9.0,126,L,5.98,-1.089,0.088285,0.0036999999999999997
9.0,127,I,6.02,0.368,0.11144499999999999,0.2169
9.0,128,V,5.96,-1.381,0.1028,0.0005
9.0,129,L,5.98,-0.743,0.111515,0.21875
9.0,130,V,5.96,-1.411,0.107355,0.10894999999999999
9.0,131,P,6.3,-0.681,0.09965,0.6029
9.0,132,P,6.3,-1.165,0.08709,0.059050000000000005
9.0,133,S,5.68,-0.77,0.08901,0.32799999999999996
9.0,134,K,9.74,0.374,0.1236,1.2706
9.0,135,P,6.3,-1.377,0.081,0.035949999999999996
9.0,136,T,5.6,0.721,0.11956,0.8573000000000001
9.0,137,V,5.96,-0.718,0.0955,0.1431
9.0,138,N,5.41,0.516,0.13264,0.861
9.0,139,I,6.02,-0.465,0.131285,0.7909499999999999
9.0,140,P,6.3,-1.377,0.131935,0.30935
9.0,141,S,5.68,-0.097,0.18675000000000003,1.29245
9.0,142,S,5.68,-1.075,0.189635,0.8745
9.0,143,A,6.0,-0.792,0.16639500000000002,0.38675000000000004
9.0,144,T,5.6,-0.888,0.17448999999999998,0.8525499999999999
9.0,145,I,6.02,-0.987,0.150505,0.9942
9.0,146,G,5.97,-0.615,0.146655,0.50825
9.0,147,N,5.41,0.478,0.16785,0.85985
9.0,148,R,10.76,1.567,0.17135499999999998,1.6320999999999999
9.0,149,A,6.0,0.038,0.10949500000000001,0.03625
9.0,150,V,5.96,0.935,0.11500000000000002,0.71815
9.0,151,L,5.98,-1.209,0.09738,0.0012000000000000001
9.0,152,T,5.6,0.16,0.11240000000000001,0.5295
9.0,153,C,5.07,-1.357,0.086205,0.0221
9.0,154,S,5.68,0.751,0.10183500000000001,0.4269
9.0,155,E,3.22,-1.299,0.098385,0.13620000000000002
9.0,156,Q,5.65,2.036,0.177155,1.5815
9.0,157,D,2.77,0.454,0.13066,0.6677500000000001
9.0,158,G,5.97,-0.345,0.10926,0.10729999999999999
9.0,159,S,5.68,-1.118,0.12139,0.1839
9.0,160,P,6.3,-1.377,0.12498499999999998,0.27985
9.0,161,P,6.3,-0.204,0.125245,1.23695
9.0,162,S,5.68,-0.297,0.094305,0.05045000000000001
9.0,163,E,3.22,-0.276,0.129685,0.90525
9.0,164,Y,5.66,-0.894,0.08261,0.16415
9.0,165,T,5.6,1.155,0.07552,0.37920000000000004
9.0,166,W,5.89,-1.354,0.06608499999999999,0.00445
9.0,167,F,5.48,0.391,0.086285,0.49005
9.0,168,K,9.74,-0.529,0.098185,0.2872
9.0,169,D,2.77,-0.134,0.127745,0.8957
9.0,170,G,5.97,1.091,0.121265,0.68215
9.0,171,I,6.02,0.819,0.125635,1.05685
9.0,172,V,5.96,1.513,0.10512999999999999,0.8096
9.0,173,M,5.74,-0.768,0.08199,0.0738
9.0,174,P,6.3,-0.64,0.11291999999999999,0.37565
9.0,175,T,5.6,1.671,0.13916,0.755
9.0,176,N,5.41,0.13,0.16374,0.9643
9.0,177,P,6.3,-1.032,0.130665,0.1111
9.0,178,K,9.74,-0.493,0.189615,1.4869999999999999
9.0,179,S,5.68,0.725,0.18897999999999998,0.9247500000000001
9.0,180,T,5.6,0.06,0.17138,0.5589999999999999
9.0,181,R,10.76,0.399,0.25367,2.33975
9.0,182,A,6.0,1.134,0.16006499999999999,0.82745
9.0,183,F,5.48,-0.644,0.11999,0.18285
9.0,184,S,5.68,0.078,0.15674,0.36765
9.0,185,N,5.41,-1.372,0.171605,1.3555
9.0,186,S,5.68,-0.459,0.115455,0.10640000000000001
9.0,187,S,5.68,-1.248,0.125795,0.43790000000000007
9.0,188,Y,5.66,-1.274,0.09758,0.1145
9.0,189,V,5.96,0.51,0.1223,0.97435
9.0,190,L,5.98,0.261,0.11191,0.1369
9.0,191,N,5.41,-0.723,0.121865,0.6517999999999999
9.0,192,P,6.3,2.844,0.10825,0.45549999999999996
9.0,193,T,5.6,1.477,0.14116,0.9379500000000001
9.0,194,T,5.6,0.055,0.13113,0.76515
9.0,195,G,5.97,-1.28,0.093305,0.00015000000000000001
9.0,196,E,3.22,-0.038,0.12682,0.7545499999999999
9.0,197,L,5.98,-1.337,0.084265,0.0
9.0,198,V,5.96,0.718,0.10684,0.2902
9.0,199,F,5.48,-1.208,0.09519,0.0098
9.0,200,D,2.77,0.273,0.137825,0.5544
9.0,201,P,6.3,0.642,0.12774999999999997,0.69775
9.0,202,L,5.98,0.101,0.11216999999999999,0.0259
9.0,203,S,5.68,0.953,0.11907000000000001,0.34465
9.0,204,A,6.0,-0.43,0.139005,0.7856
9.0,205,S,5.68,2.02,0.12908999999999998,0.83545
9.0,206,D,2.77,-1.374,0.09885999999999999,0.050649999999999994
9.0,207,T,5.6,0.122,0.124385,0.5663
9.0,208,G,5.97,-0.86,0.10685499999999999,0.08549999999999999
9.0,209,E,3.22,0.245,0.13778,0.91435
9.0,210,Y,5.66,-1.275,0.07742,0.01565
9.0,211,S,5.68,1.045,0.070645,0.20595
9.0,212,C,5.07,-1.358,0.06411,0.00015000000000000001
9.0,213,E,3.22,-0.656,0.07671,0.3207
9.0,214,A,6.0,-0.967,0.06743,0.0
9.0,215,R,10.76,1.383,0.11874500000000002,1.1594
9.0,216,N,5.41,-1.421,0.09915,0.22995000000000002
9.0,217,G,5.97,0.906,0.11089,0.7317
9.0,218,Y,5.66,-0.272,0.106965,0.8872500000000001
9.0,219,G,5.97,-1.191,0.099,0.48985
9.0,220,T,5.6,1.816,0.115505,1.05925
9.0,221,P,6.3,0.826,0.08517,0.5667500000000001
9.0,222,M,5.74,-0.463,0.09376,0.6321
9.0,223,T,5.6,0.551,0.094965,0.6759999999999999
9.0,224,S,5.68,-0.945,0.07632,0.09785
9.0,225,N,5.41,1.035,0.126055,1.1937
9.0,226,A,6.0,0.672,0.107945,0.68675
9.0,227,V,5.96,1.066,0.110645,0.36970000000000003
9.0,228,R,10.76,1.129,0.16891,1.6847
9.0,229,M,5.74,-1.254,0.129435,0.34095
9.5,30,T,5.6,1.19,0.212705,1.3895
9.5,31,V,5.96,-0.753,0.134335,0.15589999999999998
9.5,32,H,7.95,0.417,0.17860499999999999,1.11025
9.5,33,S,5.68,-0.352,0.119465,0.1602
9.5,34,S,5.68,0.388,0.14825,0.985
9.5,35,E,3.22,0.879,0.156975,1.02725
9.5,36,P,6.3,2.332,0.13455,0.82675
9.5,37,E,3.22,1.651,0.15263500000000002,0.8586499999999999
9.5,38,V,5.96,-0.06,0.09866,0.1557
9.5,39,R,10.76,1.044,0.137925,1.3246
9.5,40,I,6.02,-1.014,0.098775,0.3004
9.5,41,P,6.3,0.672,0.10572,0.41675000000000006
9.5,42,E,3.22,-1.231,0.125865,0.6835
9.5,43,N,5.41,-0.899,0.12272000000000001,1.0653000000000001
9.5,44,N,5.41,0.829,0.11181,0.6009
9.5,45,P,6.3,0.852,0.096665,0.93415
9.5,46,V,5.96,0.109,0.07894,0.13065
9.5,47,K,9.74,-0.38,0.11926,1.2573
9.5,48,L,5.98,-0.866,0.08068,0.0032
9.5,49,S,5.68,0.706,0.09498999999999999,0.25605
9.5,50,C,5.07,-1.357,0.09651499999999999,0.0274
9.5,51,A,6.0,1.237,0.124915,0.4401
9.5,52,Y,5.66,-0.443,0.12517499999999998,0.5608500000000001
9.5,53,S,5.68,-0.36,0.174555,0.91045
9.5,54,G,5.97,0.377,0.18105500000000002,0.7779
9.5,55,F,5.48,-0.606,0.150225,0.3294
9.5,56,S,5.68,0.639,0.183875,0.92515
9.5,57,S,5.68,0.804,0.168415,0.9315
9.5,58,P,6.3,0.756,0.13724,0.41885000000000006
9.5,59,R,10.76,-1.271,0.1281,0.5754
9.5,60,V,5.96,0.061,0.09321,0.023299999999999998
9.5,61,E,3.22,-1.266,0.10452999999999998,0.19835
9.5,62,W,5.89,-1.266,0.06571,0.00295
9.5,63,K,9.74,-1.169,0.11305499999999999,0.6618
9.5,64,F,5.48,-0.651,0.099995,0.06384999999999999
9.5,65,D,2.77,0.246,0.14594000000000001,0.6212
9.5,66,Q,5.65,3.006,0.18301499999999998,0.74255
9.5,67,G,5.97,0.819,0.228265,0.8205
9.5,68,D,2.77,0.667,0.26233,1.4736
9.5,69,T,5.6,-0.164,0.216385,0.8148
9.5,70,T,5.6,-0.193,0.16985999999999998,0.7283000000000001
9.5,71,R,10.76,0.869,0.1649,1.16435
9.5,72,L,5.98,-0.264,0.12847,0.8240500000000001
9.5,73,V,5.96,-0.673,0.08462499999999999,0.0006000000000000001
9.5,74,C,5.07,0.174,0.08401,0.00045000000000000004
9.5,75,Y,5.66,0.047,0.13771499999999998,1.30295
9.5,76,N,5.41,0.48,0.131435,0.70905
9.5,77,N,5.41,0.933,0.11574,0.5711999999999999
9.5,78,K,9.74,0.398,0.17260999999999999,1.57005
9.5,79,I,6.02,0.467,0.10200499999999998,0.1953
9.5,80,T,5.6,-1.039,0.121485,0.29505
9.5,81,A,6.0,1.503,0.15433,0.9355
9.5,82,S,5.68,1.5,0.147735,1.0199500000000001
9.5,83,Y,5.66,-0.955,0.102525,0.2111
9.5,84,E,3.22,0.966,0.153255,1.08615
9.5,85,D,2.77,1.917,0.157145,1.3759000000000001
9.5,86,R,10.76,-1.274,0.097285,0.67485
9.5,87,V,5.96,-0.618,0.0866,0.02905
9.5,88,T,5.6,0.497,0.10770500000000001,0.64815
9.5,89,F,5.48,0.744,0.098745,0.56525
9.5,90,L,5.98,0.291,0.12453499999999999,0.78605
9.5,91,P,6.3,2.635,0.120525,0.9182
9.5,92,T,5.6,0.756,0.11892499999999999,0.7537499999999999
9.5,93,G,5.97,-0.302,0.08102000000000001,0.020649999999999998
9.5,94,I,6.02,-0.975,0.06515499999999999,0.0005499999999999999
9.5,95,T,5.6,-0.048,0.08182500000000001,0.32115
9.5,96,F,5.48,-0.618,0.079095,0.01315
9.5,97,K,9.74,1.175,0.136115,1.4083
9.5,98,S,5.68,-0.26,0.09957,0.4756
9.5,99,V,5.96,-0.856,0.096225,0.00165
9.5,100,T,5.6,-1.049,0.099195,0.5303
9.5,101,R,10.76,-0.978,0.11941500000000001,1.00525
9.5,102,E,3.22,0.623,0.155595,1.50055
9.5,103,D,2.77,-1.371,0.086225,0.06305000000000001
9.5,104,T,5.6,-0.389,0.11257999999999999,0.4769
9.5,105,G,5.97,-1.286,0.10479000000000001,0.16394999999999998
9.5,106,T,5.6,1.326,0.11956,0.39625
9.5,107,Y,5.66,-1.272,0.07933,0.004149999999999999
9.5,108,T,5.6,0.055,0.09687,0.028050000000000002
9.5,109,C,5.07,-1.358,0.079055,0.0006500000000000001
9.5,110,M,5.74,-0.872,0.10241,0.2032
9.5,111,V,5.96,-1.249,0.105135,0.0004
9.5,112,S,5.68,-0.731,0.12010499999999999,0.10110000000000001
9.5,113,E,3.22,0.155,0.16508,0.39239999999999997
9.5,114,E,3.22,1.697,0.219395,1.2214
9.5,115,G,5.97,0.863,0.201825,0.736
9.5,116,G,5.97,0.914,0.183375,0.6072
9.5,117,N,5.41,0.874,0.198535,1.04735
9.5,118,S,5.68,1.257,0.162335,0.6935
9.5,119,Y,5.66,0.161,0.14135499999999998,1.3265
9.5,120,G,5.97,1.377,0.12275,0.10594999999999999
9.5,121,E,3.22,-0.635,0.14306000000000002,0.725
9.5,122,V,5.96,0.629,0.11366499999999999,0.2279
9.5,123,K,9.74,1.064,0.1405,1.15385
9.5,124,V,5.96,-0.699,0.09697,0.00215
9.5,125,K,9.74,1.276,0.15453,1.0253999999999999
9.5,126,L,5.98,-1.089,0.09231500000000001,0.00255
9.5,127,I,6.02,0.368,0.11605499999999999,0.2479
9.5,128,V,5.96,-1.381,0.10258,0.009049999999999999
9.5,129,L,5.98,-0.743,0.110625,0.18875
9.5,130,V,5.96,-1.411,0.11250500000000001,0.10245
9.5,131,P,6.3,-0.681,0.10593,0.5866
9.5,132,P,6.3,-1.165,0.09315999999999999,0.055900000000000005
9.5,133,S,5.68,-0.77,0.097815,0.3249
9.5,134,K,9.74,0.374,0.13979999999999998,1.33885
9.5,135,P,6.3,-1.377,0.08956499999999999,0.03725
9.5,136,T,5.6,0.721,0.12669,0.8326
9.5,137,V,5.96,-0.718,0.09931,0.154
9.5,138,N,5.41,0.516,0.12698,0.87135
9.5,139,I,6.02,-0.465,0.120655,0.44475
9.5,140,P,6.3,-1.377,0.13013,0.3993
9.5,141,S,5.68,-0.097,0.18688,1.2719
9.5,142,S,5.68,-1.075,0.18873,1.12555
9.5,143,A,6.0,-0.792,0.15140499999999998,0.37170000000000003
9.5,144,T,5.6,-0.888,0.16463999999999998,0.9089
9.5,145,I,6.02,-0.987,0.148595,1.00945
9.5,146,G,5.97,-0.615,0.152665,0.5155000000000001
9.5,147,N,5.41,0.478,0.179535,0.92255
9.5,148,R,10.76,1.567,0.17823499999999998,1.6162500000000002
9.5,149,A,6.0,0.038,0.115845,0.048549999999999996
9.5,150,V,5.96,0.935,0.12110499999999999,0.8026500000000001
9.5,151,L,5.98,-1.209,0.0968,0.00045000000000000004
9.5,152,T,5.6,0.16,0.108975,0.49945000000000006
9.5,153,C,5.07,-1.357,0.08632999999999999,0.026500000000000003
9.5,154,S,5.68,0.751,0.106965,0.46144999999999997
9.5,155,E,3.22,-1.299,0.100545,0.14684999999999998
9.5,156,Q,5.65,2.036,0.1896,1.5781
9.5,157,D,2.77,0.454,0.13957,0.6627500000000001
9.5,158,G,5.97,-0.345,0.11736500000000001,0.1224
9.5,159,S,5.68,-1.118,0.128685,0.2464
9.5,160,P,6.3,-1.377,0.12571000000000002,0.3316
9.5,161,P,6.3,-0.204,0.129495,1.2599500000000001
9.5,162,S,5.68,-0.297,0.097655,0.0461
9.5,163,E,3.22,-0.276,0.12669999999999998,0.7243999999999999
9.5,164,Y,5.66,-0.894,0.08237,0.1599
9.5,165,T,5.6,1.155,0.08087,0.30195
9.5,166,W,5.89,-1.354,0.067065,0.0054
9.5,167,F,5.48,0.391,0.084345,0.50295
9.5,168,K,9.74,-0.529,0.09108000000000001,0.2677
9.5,169,D,2.77,-0.134,0.11135999999999999,0.79615
9.5,170,G,5.97,1.091,0.11089,0.6775
9.5,171,I,6.02,0.819,0.12108000000000001,0.96875
9.5,172,V,5.96,1.513,0.10255,0.8003
9.5,173,M,5.74,-0.768,0.08549,0.0664
9.5,174,P,6.3,-0.64,0.11821,0.44385
9.5,175,T,5.6,1.671,0.143045,0.7074
9.5,176,N,5.41,0.13,0.181745,0.9793499999999999
9.5,177,P,6.3,-1.032,0.16425499999999998,0.2557
9.5,178,K,9.74,-0.493,0.255255,1.7988
9.5,179,S,5.68,0.725,0.23081999999999997,1.0797
9.5,180,T,5.6,0.06,0.173435,0.46285
9.5,181,R,10.76,0.399,0.26122999999999996,2.27805
9.5,182,A,6.0,1.134,0.15667,0.71245
9.5,183,F,5.48,-0.644,0.12226,0.11005000000000001
9.5,184,S,5.68,0.078,0.17097,0.5496
9.5,185,N,5.41,-1.372,0.18095999999999998,1.33305
9.5,186,S,5.68,-0.459,0.123495,0.11795
9.5,187,S,5.68,-1.248,0.13183499999999998,0.5338499999999999
9.5,188,Y,5.66,-1.274,0.11072,0.1424
9.5,189,V,5.96,0.51,0.134635,0.9009
9.5,190,L,5.98,0.261,0.114905,0.11305000000000001
9.5,191,N,5.41,-0.723,0.137325,0.6385
9.5,192,P,6.3,2.844,0.11083000000000001,0.4306
9.5,193,T,5.6,1.477,0.13948,1.01165
9.5,194,T,5.6,0.055,0.12727,0.8058
9.5,195,G,5.97,-1.28,0.09727,0.00045000000000000004
9.5,196,E,3.22,-0.038,0.134905,0.7229
9.5,197,L,5.98,-1.337,0.087935,0.0
9.5,198,V,5.96,0.718,0.11568,0.29660000000000003
9.5,199,F,5.48,-1.208,0.10112000000000002,0.007000000000000001
9.5,200,D,2.77,0.273,0.152585,0.5476
9.5,201,P,6.3,0.642,0.14101,0.6995
9.5,202,L,5.98,0.101,0.11876,0.03415
9.5,203,S,5.68,0.953,0.12314499999999999,0.33845000000000003
9.5,204,A,6.0,-0.43,0.13422,0.7655000000000001
9.5,205,S,5.68,2.02,0.127195,0.7739
9.5,206,D,2.77,-1.374,0.100745,0.02975
9.5,207,T,5.6,0.122,0.11818,0.65755
9.5,208,G,5.97,-0.86,0.102755,0.16435
9.5,209,E,3.22,0.245,0.11229499999999999,0.60995
9.5,210,Y,5.66,-1.275,0.07663,0.0027
9.5,211,S,5.68,1.045,0.06891,0.18165
9.5,212,C,5.07,-1.358,0.06452,0.0006000000000000001
9.5,213,E,3.22,-0.656,0.0838,0.41065000000000007
9.5,214,A,6.0,-0.967,0.06920000000000001,0.0
9.5,215,R,10.76,1.383,0.11907000000000001,1.08825
9.5,216,N,5.41,-1.421,0.09947500000000001,0.23135
9.5,217,G,5.97,0.906,0.11011,0.72755
9.5,218,Y,5.66,-0.272,0.11142,0.8736499999999999
9.5,219,G,5.97,-1.191,0.10227,0.4694
9.5,220,T,5.6,1.816,0.12417,1.0582
9.5,221,P,6.3,0.826,0.0902,0.62775
9.5,222,M,5.74,-0.463,0.10225500000000001,0.6327499999999999
9.5,223,T,5.6,0.551,0.09983500000000001,0.67465
9.5,224,S,5.68,-0.945,0.08066999999999999,0.09415
9.5,225,N,5.41,1.035,0.13377,1.1656
9.5,226,A,6.0,0.672,0.11054,0.5585
9.5,227,V,5.96,1.066,0.11232,0.41150000000000003
9.5,228,R,10.76,1.129,0.17394,1.8814
9.5,229,M,5.74,-1.254,0.126275,0.49675
10.0,30,T,5.6,1.19,0.19073500000000002,1.3778000000000001
10.0,31,V,5.96,-0.753,0.11852499999999999,0.20495000000000002
10.0,32,H,7.95,0.417,0.161445,1.01515
10.0,33,S,5.68,-0.352,0.109335,0.14984999999999998
10.0,34,S,5.68,0.388,0.145445,0.9908999999999999
10.0,35,E,3.22,0.879,0.150955,1.0302
10.0,36,P,6.3,2.332,0.12621,0.8615999999999999
10.0,37,E,3.22,1.651,0.129745,0.78825
10.0,38,V,5.96,-0.06,0.093755,0.1715
10.0,39,R,10.76,1.044,0.117265,1.3446500000000001
10.0,40,I,6.02,-1.014,0.09587,0.33415
10.0,41,P,6.3,0.672,0.10302,0.43845
10.0,42,E,3.22,-1.231,0.11993000000000001,0.6307
10.0,43,N,5.41,-0.899,0.12433000000000001,1.1456
10.0,44,N,5.41,0.829,0.105885,0.5681999999999999
10.0,45,P,6.3,0.852,0.09258,0.92075
10.0,46,V,5.96,0.109,0.08049500000000001,0.13475
10.0,47,K,9.74,-0.38,0.11823999999999998,1.1321999999999999
10.0,48,L,5.98,-0.866,0.07642,0.0039
10.0,49,S,5.68,0.706,0.09525,0.29264999999999997
10.0,50,C,5.07,-1.357,0.08848500000000001,0.026250000000000002
10.0,51,A,6.0,1.237,0.109975,0.41855000000000003
10.0,52,Y,5.66,-0.443,0.110735,0.5335
10.0,53,S,5.68,-0.36,0.146945,0.8699999999999999
10.0,54,G,5.97,0.377,0.15562499999999999,0.7636499999999999
10.0,55,F,5.48,-0.606,0.13972500000000002,0.3404
10.0,56,S,5.68,0.639,0.16391499999999998,0.93915
10.0,57,S,5.68,0.804,0.151645,0.8612500000000001
10.0,58,P,6.3,0.756,0.12348,0.3782
10.0,59,R,10.76,-1.271,0.11756,0.58155
10.0,60,V,5.96,0.061,0.090995,0.01245
10.0,61,E,3.22,-1.266,0.0987,0.1786
10.0,62,W,5.89,-1.266,0.06404,0.0008
10.0,63,K,9.74,-1.169,0.108365,0.6
10.0,64,F,5.48,-0.651,0.09415,0.09230000000000001
10.0,65,D,2.77,0.246,0.13537,0.48315
10.0,66,Q,5.65,3.006,0.18429500000000001,0.8625999999999999
10.0,67,G,5.97,0.819,0.21363500000000002,0.70445
10.0,68,D,2.77,0.667,0.27475499999999997,1.65495
10.0,69,T,5.6,-0.164,0.22831,0.8329000000000001
10.0,70,T,5.6,-0.193,0.154925,0.79015
10.0,71,R,10.76,0.869,0.16902999999999999,1.27445
10.0,72,L,5.98,-0.264,0.11823999999999998,0.82595
10.0,73,V,5.96,-0.673,0.07961,0.0001
10.0,74,C,5.07,0.174,0.07925499999999999,0.00045000000000000004
10.0,75,Y,5.66,0.047,0.1404,1.29475
10.0,76,N,5.41,0.48,0.133015,0.7197
10.0,77,N,5.41,0.933,0.10852500000000001,0.5288999999999999
10.0,78,K,9.74,0.398,0.149145,1.55325
10.0,79,I,6.02,0.467,0.090605,0.20535
10.0,80,T,5.6,-1.039,0.107505,0.29325
10.0,81,A,6.0,1.503,0.13312,0.93485
10.0,82,S,5.68,1.5,0.13286,1.0182
10.0,83,Y,5.66,-0.955,0.094825,0.1819
10.0,84,E,3.22,0.966,0.140065,1.0797
10.0,85,D,2.77,1.917,0.145855,1.3592
10.0,86,R,10.76,-1.274,0.087445,0.66915
10.0,87,V,5.96,-0.618,0.08394,0.032
10.0,88,T,5.6,0.497,0.102975,0.662
10.0,89,F,5.48,0.744,0.095105,0.50265
10.0,90,L,5.98,0.291,0.12939499999999998,0.9573
10.0,91,P,6.3,2.635,0.12008,0.7684
10.0,92,T,5.6,0.756,0.11173999999999999,0.7168
10.0,93,G,5.97,-0.302,0.080275,0.01155
10.0,94,I,6.02,-0.975,0.06626499999999999,0.00015000000000000001
10.0,95,T,5.6,-0.048,0.079565,0.34645000000000004
10.0,96,F,5.48,-0.618,0.07609,0.0043
10.0,97,K,9.74,1.175,0.12996000000000002,1.32865
10.0,98,S,5.68,-0.26,0.09594,0.47779999999999995
10.0,99,V,5.96,-0.856,0.08837,0.00225
10.0,100,T,5.6,-1.049,0.10101,0.5519999999999999
10.0,101,R,10.76,-0.978,0.10778000000000001,1.009
10.0,102,E,3.22,0.623,0.147515,1.4382
10.0,103,D,2.77,-1.371,0.081535,0.0717
10.0,104,T,5.6,-0.389,0.09873499999999999,0.3391
10.0,105,G,5.97,-1.286,0.095595,0.0799
10.0,106,T,5.6,1.326,0.10983499999999999,0.39725
10.0,107,Y,5.66,-1.272,0.07294,0.0031
10.0,108,T,5.6,0.055,0.09146,0.0303
10.0,109,C,5.07,-1.358,0.075295,0.0005
10.0,110,M,5.74,-0.872,0.09318499999999999,0.20665
10.0,111,V,5.96,-1.249,0.09722,0.0
10.0,112,S,5.68,-0.731,0.11018000000000001,0.1035
10.0,113,E,3.22,0.155,0.14938500000000002,0.3799
10.0,114,E,3.22,1.697,0.202575,1.16625
10.0,115,G,5.97,0.863,0.191295,0.78635
10.0,116,G,5.97,0.914,0.18241000000000002,0.63375
10.0,117,N,5.41,0.874,0.185945,0.9952
10.0,118,S,5.68,1.257,0.15170999999999998,0.708
10.0,119,Y,5.66,0.161,0.13713,1.3572
10.0,120,G,5.97,1.377,0.11365,0.1423
10.0,121,E,3.22,-0.635,0.13377,0.7686499999999999
10.0,122,V,5.96,0.629,0.101515,0.23149999999999998
10.0,123,K,9.74,1.064,0.13131500000000002,1.1880000000000002
10.0,124,V,5.96,-0.699,0.08995,0.00285
10.0,125,K,9.74,1.276,0.13554,0.9558500000000001
10.0,126,L,5.98,-1.089,0.08419499999999999,0.002
10.0,127,I,6.02,0.368,0.10682,0.176
10.0,128,V,5.96,-1.381,0.09443,0.0001
10.0,129,L,5.98,-0.743,0.10514000000000001,0.20945
10.0,130,V,5.96,-1.411,0.10073000000000001,0.08805
10.0,131,P,6.3,-0.681,0.095025,0.596
10.0,132,P,6.3,-1.165,0.08874499999999999,0.05715
10.0,133,S,5.68,-0.77,0.086755,0.30685
10.0,134,K,9.74,0.374,0.126295,1.3171
10.0,135,P,6.3,-1.377,0.08209,0.038650000000000004
10.0,136,T,5.6,0.721,0.11266499999999999,0.8520999999999999
10.0,137,V,5.96,-0.718,0.093265,0.15335000000000001
10.0,138,N,5.41,0.516,0.12312000000000001,0.8492000000000001
10.0,139,I,6.02,-0.465,0.11762500000000001,0.3579
10.0,140,P,6.3,-1.377,0.130745,0.45705
10.0,141,S,5.68,-0.097,0.1928,1.1872
10.0,142,S,5.68,-1.075,0.18905,1.1073499999999998
10.0,143,A,6.0,-0.792,0.14492,0.34335
10.0,144,T,5.6,-0.888,0.158935,0.8871499999999999
10.0,145,I,6.02,-0.987,0.141855,1.02905
10.0,146,G,5.97,-0.615,0.139765,0.5038
10.0,147,N,5.41,0.478,0.16589,0.9126
10.0,148,R,10.76,1.567,0.160555,1.64305
10.0,149,A,6.0,0.038,0.10739499999999999,0.04625
10.0,150,V,5.96,0.935,0.11251,0.75485
10.0,151,L,5.98,-1.209,0.09126,0.00115
10.0,152,T,5.6,0.16,0.10926499999999999,0.5281
10.0,153,C,5.07,-1.357,0.083675,0.025
10.0,154,S,5.68,0.751,0.096085,0.5758
10.0,155,E,3.22,-1.299,0.091505,0.14679999999999999
10.0,156,Q,5.65,2.036,0.17036,1.6961
10.0,157,D,2.77,0.454,0.12317499999999999,0.5808
10.0,158,G,5.97,-0.345,0.10098499999999999,0.1183
10.0,159,S,5.68,-1.118,0.1092,0.17055
10.0,160,P,6.3,-1.377,0.11049500000000001,0.2467
10.0,161,P,6.3,-0.204,0.11069999999999999,1.2198
10.0,162,S,5.68,-0.297,0.08585000000000001,0.04415
10.0,163,E,3.22,-0.276,0.11639,0.8507999999999999
10.0,164,Y,5.66,-0.894,0.07404,0.16165000000000002
10.0,165,T,5.6,1.155,0.07249,0.39725
10.0,166,W,5.89,-1.354,0.065055,0.00555
10.0,167,F,5.48,0.391,0.077005,0.4854
10.0,168,K,9.74,-0.529,0.085835,0.28304999999999997
10.0,169,D,2.77,-0.134,0.10617000000000001,0.77485
10.0,170,G,5.97,1.091,0.10628,0.67875
10.0,171,I,6.02,0.819,0.11636500000000001,1.0305
10.0,172,V,5.96,1.513,0.093125,0.7828
10.0,173,M,5.74,-0.768,0.075625,0.05665
10.0,174,P,6.3,-0.64,0.1035,0.40935
10.0,175,T,5.6,1.671,0.129985,0.7858
10.0,176,N,5.41,0.13,0.15847,0.9459500000000001
10.0,177,P,6.3,-1.032,0.1457,0.17855
10.0,178,K,9.74,-0.493,0.22737499999999997,1.6193000000000002
10.0,179,S,5.68,0.725,0.21805500000000003,1.2196500000000001
10.0,180,T,5.6,0.06,0.17661500000000002,0.50395
10.0,181,R,10.76,0.399,0.286005,2.4411
10.0,182,A,6.0,1.134,0.1538,0.60065
10.0,183,F,5.48,-0.644,0.117565,0.23075
10.0,184,S,5.68,0.078,0.170295,0.7025
10.0,185,N,5.41,-1.372,0.169535,1.4212500000000001
10.0,186,S,5.68,-0.459,0.11442,0.15045
10.0,187,S,5.68,-1.248,0.118565,0.5578000000000001
10.0,188,Y,5.66,-1.274,0.09629,0.12244999999999999
10.0,189,V,5.96,0.51,0.120265,0.9535
10.0,190,L,5.98,0.261,0.10391500000000001,0.12344999999999999
10.0,191,N,5.41,-0.723,0.12059,0.647
10.0,192,P,6.3,2.844,0.100095,0.41035000000000005
10.0,193,T,5.6,1.477,0.129285,0.9387000000000001
10.0,194,T,5.6,0.055,0.117675,0.8064500000000001
10.0,195,G,5.97,-1.28,0.09159,0.0004
10.0,196,E,3.22,-0.038,0.12855,0.7367
10.0,197,L,5.98,-1.337,0.079745,0.0
10.0,198,V,5.96,0.718,0.10921499999999999,0.2931
10.0,199,F,5.48,-1.208,0.09407499999999999,0.0063
10.0,200,D,2.77,0.273,0.13992,0.57965
10.0,201,P,6.3,0.642,0.12762500000000002,0.7216
10.0,202,L,5.98,0.101,0.11074999999999999,0.030449999999999998
10.0,203,S,5.68,0.953,0.10964499999999999,0.36045
10.0,204,A,6.0,-0.43,0.12857000000000002,0.7525000000000001
10.0,205,S,5.68,2.02,0.12505,0.8583000000000001
10.0,206,D,2.77,-1.374,0.096835,0.041100000000000005
10.0,207,T,5.6,0.122,0.115675,0.58965
10.0,208,G,5.97,-0.86,0.0975,0.10534999999999999
10.0,209,E,3.22,0.245,0.12684,0.86575
10.0,210,Y,5.66,-1.275,0.072865,0.00165
10.0,211,S,5.68,1.045,0.06876,0.1733
10.0,212,C,5.07,-1.358,0.069125,0.0008
10.0,213,E,3.22,-0.656,0.08384,0.41
10.0,214,A,6.0,-0.967,0.06639,0.0
10.0,215,R,10.76,1.383,0.14531,1.16765
10.0,216,N,5.41,-1.421,0.092645,0.2323
10.0,217,G,5.97,0.906,0.10557000000000001,0.7066
10.0,218,Y,5.66,-0.272,0.10416,0.8483
10.0,219,G,5.97,-1.191,0.09768,0.48840000000000006
10.0,220,T,5.6,1.816,0.11226499999999999,1.0584
10.0,221,P,6.3,0.826,0.08808,0.56755
10.0,222,M,5.74,-0.463,0.09785,0.6496500000000001
10.0,223,T,5.6,0.551,0.09511,0.69295
10.0,224,S,5.68,-0.945,0.08693999999999999,0.13485
10.0,225,N,5.41,1.035,0.13762000000000002,1.3117
10.0,226,A,6.0,0.672,0.10621,0.6088
10.0,227,V,5.96,1.066,0.10344500000000001,0.49295
10.0,228,R,10.76,1.129,0.16960999999999998,1.7758499999999997
10.0,229,M,5.74,-1.254,0.129795,0.3706
10.5,30,T,5.6,1.19,0.16365000000000002,1.04345
10.5,31,V,5.96,-0.753,0.10843499999999999,0.11265
10.5,32,H,7.95,0.417,0.143015,1.1011
10.5,33,S,5.68,-0.352,0.11426,0.25205
10.5,34,S,5.68,0.388,0.148285,0.9781000000000001
10.5,35,E,3.22,0.879,0.18027500000000002,1.02685
10.5,36,P,6.3,2.332,0.13049,0.9568
10.5,37,E,3.22,1.651,0.132465,0.6865
10.5,38,V,5.96,-0.06,0.097775,0.22824999999999998
10.5,39,R,10.76,1.044,0.14062000000000002,1.40235
10.5,40,I,6.02,-1.014,0.111295,0.3668
10.5,41,P,6.3,0.672,0.120735,0.33290000000000003
10.5,42,E,3.22,-1.231,0.137795,0.4262
10.5,43,N,5.41,-0.899,0.138635,1.1093
10.5,44,N,5.41,0.829,0.12003,0.56685
10.5,45,P,6.3,0.852,0.108285,0.9332499999999999
10.5,46,V,5.96,0.109,0.087115,0.1572
10.5,47,K,9.74,-0.38,0.113985,1.2283
10.5,48,L,5.98,-0.866,0.074735,0.006
10.5,49,S,5.68,0.706,0.092115,0.3387
10.5,50,C,5.07,-1.357,0.090165,0.02565
10.5,51,A,6.0,1.237,0.10186500000000001,0.5327
10.5,52,Y,5.66,-0.443,0.10839499999999999,0.53865
10.5,53,S,5.68,-0.36,0.139625,0.7788999999999999
10.5,54,G,5.97,0.377,0.150035,0.7692
10.5,55,F,5.48,-0.606,0.13565,0.2871
10.5,56,S,5.68,0.639,0.17441500000000001,1.0547499999999999
10.5,57,S,5.68,0.804,0.15315499999999999,0.7419
10.5,58,P,6.3,0.756,0.12384500000000001,0.42715
10.5,59,R,10.76,-1.271,0.1157,0.6776500000000001
10.5,60,V,5.96,0.061,0.08318,0.02065
10.5,61,E,3.22,-1.266,0.09453500000000001,0.22345
10.5,62,W,5.89,-1.266,0.053044999999999995,0.003
10.5,63,K,9.74,-1.169,0.098635,0.6142000000000001
10.5,64,F,5.48,-0.651,0.08364,0.10329999999999999
10.5,65,D,2.77,0.246,0.12641,0.5089
10.5,66,Q,5.65,3.006,0.15126,0.8523
10.5,67,G,5.97,0.819,0.17344500000000002,0.68215
10.5,68,D,2.77,0.667,0.224565,1.41695
10.5,69,T,5.6,-0.164,0.192345,0.8487
10.5,70,T,5.6,-0.193,0.13312,0.6989
10.5,71,R,10.76,0.869,0.149275,1.3024
10.5,72,L,5.98,-0.264,0.11051,0.8291499999999999
10.5,73,V,5.96,-0.673,0.06664,0.0010999999999999998
10.5,74,C,5.07,0.174,0.07011,0.00030000000000000003
10.5,75,Y,5.66,0.047,0.130895,1.1896
10.5,76,N,5.41,0.48,0.119285,0.7343
10.5,77,N,5.41,0.933,0.11011,0.5736
10.5,78,K,9.74,0.398,0.14860500000000001,1.45605
10.5,79,I,6.02,0.467,0.08386,0.1883
10.5,80,T,5.6,-1.039,0.098005,0.29935
10.5,81,A,6.0,1.503,0.11657500000000001,0.9218999999999999
10.5,82,S,5.68,1.5,0.11788499999999999,1.0308
10.5,83,Y,5.66,-0.955,0.08925,0.2023
10.5,84,E,3.22,0.966,0.137465,1.05515
10.5,85,D,2.77,1.917,0.14489000000000002,1.34835
10.5,86,R,10.76,-1.274,0.099425,0.74655
10.5,87,V,5.96,-0.618,0.081685,0.03215
10.5,88,T,5.6,0.497,0.10155,0.6997
10.5,89,F,5.48,0.744,0.09194,0.57015
10.5,90,L,5.98,0.291,0.111195,0.6774
10.5,91,P,6.3,2.635,0.117645,0.97895
10.5,92,T,5.6,0.756,0.112365,0.6588499999999999
10.5,93,G,5.97,-0.302,0.07813,0.005350000000000001
10.5,94,I,6.02,-0.975,0.06514,0.0005499999999999999
10.5,95,T,5.6,-0.048,0.08191,0.3312
10.5,96,F,5.48,-0.618,0.08487,0.01985
10.5,97,K,9.74,1.175,0.143695,1.4861499999999999
10.5,98,S,5.68,-0.26,0.110155,0.4609500000000001
10.5,99,V,5.96,-0.856,0.09905,0.0021000000000000003
10.5,100,T,5.6,-1.049,0.11165499999999999,0.5088
10.5,101,R,10.76,-0.978,0.11748499999999999,1.0211999999999999
10.5,102,E,3.22,0.623,0.142765,1.4743499999999998
10.5,103,D,2.77,-1.371,0.08659,0.07095
10.5,104,T,5.6,-0.389,0.103065,0.48555000000000004
10.5,105,G,5.97,-1.286,0.09419999999999999,0.11055
10.5,106,T,5.6,1.326,0.09755,0.3609
10.5,107,Y,5.66,-1.272,0.0659,0.00465
10.5,108,T,5.6,0.055,0.078945,0.033600000000000005
10.5,109,C,5.07,-1.358,0.06765,0.00195
10.5,110,M,5.74,-0.872,0.08371999999999999,0.20049999999999998
10.5,111,V,5.96,-1.249,0.09268499999999999,0.00030000000000000003
10.5,112,S,5.68,-0.731,0.11013500000000001,0.09505
10.5,113,E,3.22,0.155,0.157155,0.35265
10.5,114,E,3.22,1.697,0.20509499999999997,1.2555
10.5,115,G,5.97,0.863,0.196015,0.8007500000000001
10.5,116,G,5.97,0.914,0.17921499999999999,0.61315
10.5,117,N,5.41,0.874,0.17904,0.9041
10.5,118,S,5.68,1.257,0.154185,0.7595500000000001
10.5,119,Y,5.66,0.161,0.127715,1.34185
10.5,120,G,5.97,1.377,0.1068,0.11379999999999998
10.5,121,E,3.22,-0.635,0.123945,0.7688499999999999
10.5,122,V,5.96,0.629,0.09445,0.2505
10.5,123,K,9.74,1.064,0.12707,1.18885
10.5,124,V,5.96,-0.699,0.08693999999999999,0.01055
10.5,125,K,9.74,1.276,0.14281,1.0464
10.5,126,L,5.98,-1.089,0.088975,0.0012499999999999998
10.5,127,I,6.02,0.368,0.115455,0.37195
10.5,128,V,5.96,-1.381,0.106325,0.043
10.5,129,L,5.98,-0.743,0.126705,0.0881
10.5,130,V,5.96,-1.411,0.128405,0.11165
10.5,131,P,6.3,-0.681,0.11660999999999999,0.42095000000000005
10.5,132,P,6.3,-1.165,0.10301,0.07205
10.5,133,S,5.68,-0.77,0.09783,0.3388
10.5,134,K,9.74,0.374,0.13172999999999999,1.3428499999999999
10.5,135,P,6.3,-1.377,0.08209,0.03155
10.5,136,T,5.6,0.721,0.11223000000000001,0.8311
10.5,137,V,5.96,-0.718,0.089235,0.10245
10.5,138,N,5.41,0.516,0.13007,0.876
10.5,139,I,6.02,-0.465,0.1262,0.49255000000000004
10.5,140,P,6.3,-1.377,0.133595,0.41514999999999996
10.5,141,S,5.68,-0.097,0.189995,1.25495
10.5,142,S,5.68,-1.075,0.20376500000000003,1.1304500000000002
10.5,143,A,6.0,-0.792,0.15793,0.3892
10.5,144,T,5.6,-0.888,0.179975,0.87095
10.5,145,I,6.02,-0.987,0.159875,1.05215
10.5,146,G,5.97,-0.615,0.148525,0.506
10.5,147,N,5.41,0.478,0.172515,0.9043000000000001
10.5,148,R,10.76,1.567,0.16197999999999999,1.6357500000000003
10.5,149,A,6.0,0.038,0.10511999999999999,0.0534
10.5,150,V,5.96,0.935,0.113205,0.73605
10.5,151,L,5.98,-1.209,0.090635,0.0025
10.5,152,T,5.6,0.16,0.10365500000000001,0.5235000000000001
10.5,153,C,5.07,-1.357,0.081965,0.01745
10.5,154,S,5.68,0.751,0.102335,0.4457
10.5,155,E,3.22,-1.299,0.10322,0.1535
10.5,156,Q,5.65,2.036,0.17831000000000002,1.6021
10.5,157,D,2.77,0.454,0.127855,0.6628499999999999
10.5,158,G,5.97,-0.345,0.119115,0.1272
10.5,159,S,5.68,-1.118,0.13466,0.49345
10.5,160,P,6.3,-1.377,0.13003,0.4647
10.5,161,P,6.3,-0.204,0.1257,1.21745
10.5,162,S,5.68,-0.297,0.10272,0.0442
10.5,163,E,3.22,-0.276,0.13358,0.9099999999999999
10.5,164,Y,5.66,-0.894,0.083055,0.1635
10.5,165,T,5.6,1.155,0.07303499999999999,0.4182
10.5,166,W,5.89,-1.354,0.058675,0.00545
10.5,167,F,5.48,0.391,0.07966999999999999,0.5143
10.5,168,K,9.74,-0.529,0.089475,0.2509
10.5,169,D,2.77,-0.134,0.11790500000000001,0.8177
10.5,170,G,5.97,1.091,0.12326999999999999,0.7152499999999999
10.5,171,I,6.02,0.819,0.12825999999999999,1.0077
10.5,172,V,5.96,1.513,0.09485,0.7798
10.5,173,M,5.74,-0.768,0.07248,0.06905
10.5,174,P,6.3,-0.64,0.097975,0.45335000000000003
10.5,175,T,5.6,1.671,0.12692,0.7352000000000001
10.5,176,N,5.41,0.13,0.15842,0.8991
10.5,177,P,6.3,-1.032,0.142205,0.2683
10.5,178,K,9.74,-0.493,0.22551000000000002,1.7256
10.5,179,S,5.68,0.725,0.20898500000000003,1.1734
10.5,180,T,5.6,0.06,0.17241,0.40774999999999995
10.5,181,R,10.76,0.399,0.26156,2.4044
10.5,182,A,6.0,1.134,0.158335,0.7081999999999999
10.5,183,F,5.48,-0.644,0.117235,0.14730000000000001
10.5,184,S,5.68,0.078,0.164525,0.62
10.5,185,N,5.41,-1.372,0.181,1.34375
10.5,186,S,5.68,-0.459,0.111365,0.13585
10.5,187,S,5.68,-1.248,0.11649000000000001,0.57415
10.5,188,Y,5.66,-1.274,0.08618,0.11105000000000001
10.5,189,V,5.96,0.51,0.113115,0.9868
10.5,190,L,5.98,0.261,0.09712499999999999,0.1328
10.5,191,N,5.41,-0.723,0.11146,0.64285
10.5,192,P,6.3,2.844,0.102315,0.42755
10.5,193,T,5.6,1.477,0.141515,0.9183999999999999
10.5,194,T,5.6,0.055,0.12334,0.7404
10.5,195,G,5.97,-1.28,0.090005,0.0
10.5,196,E,3.22,-0.038,0.125325,0.7283999999999999
10.5,197,L,5.98,-1.337,0.07638,0.00015000000000000001
10.5,198,V,5.96,0.718,0.10288,0.312
10.5,199,F,5.48,-1.208,0.08908,0.00795
10.5,200,D,2.77,0.273,0.13797500000000001,0.5839000000000001
10.5,201,P,6.3,0.642,0.12626500000000002,0.7349
10.5,202,L,5.98,0.101,0.11305000000000001,0.042749999999999996
10.5,203,S,5.68,0.953,0.117645,0.36905
10.5,204,A,6.0,-0.43,0.14435,0.7531
10.5,205,S,5.68,2.02,0.133855,0.79725
10.5,206,D,2.77,-1.374,0.09706000000000001,0.04455
10.5,207,T,5.6,0.122,0.118045,0.53675
10.5,208,G,5.97,-0.86,0.09951499999999999,0.064
10.5,209,E,3.22,0.245,0.136935,0.85395
10.5,210,Y,5.66,-1.275,0.07001500000000001,0.0059
10.5,211,S,5.68,1.045,0.066555,0.1765
10.5,212,C,5.07,-1.358,0.060755,0.00030000000000000003
10.5,213,E,3.22,-0.656,0.0859,0.29900000000000004
10.5,214,A,6.0,-0.967,0.080465,0.0
10.5,215,R,10.76,1.383,0.11938,1.1300000000000001
10.5,216,N,5.41,-1.421,0.10966500000000001,0.21444999999999997
10.5,217,G,5.97,0.906,0.124095,0.6255
10.5,218,Y,5.66,-0.272,0.141445,0.8478
10.5,219,G,5.97,-1.191,0.12689999999999999,0.56335
10.5,220,T,5.6,1.816,0.13737,1.06265
10.5,221,P,6.3,0.826,0.10898,0.5441
10.5,222,M,5.74,-0.463,0.10571,0.62065
10.5,223,T,5.6,0.551,0.1008,0.7009000000000001
10.5,224,S,5.68,-0.945,0.078235,0.09235
10.5,225,N,5.41,1.035,0.131655,1.1605
10.5,226,A,6.0,0.672,0.10769500000000001,0.6139
10.5,227,V,5.96,1.066,0.108295,0.44625000000000004
10.5,228,R,10.76,1.129,0.148145,1.6837
10.5,229,M,5.74,-1.254,0.12162999999999999,0.39175
